,cell_type,regulon,Z
54,Cycling-G2/M_TOP2A,Regulon(E2F8(+)),5.085772880350426
22,Cycling-G2/M_TOP2A,Regulon(BRCA1(+)),5.046089567345188
53,Cycling-G2/M_TOP2A,Regulon(E2F7(+)),4.714495728228427
48,Cycling-G2/M_TOP2A,Regulon(E2F1(+)),4.087394446143703
49,Cycling-G2/M_TOP2A,Regulon(E2F2(+)),4.005256649422401
306,Cycling-G2/M_TOP2A,Regulon(TFDP1(+)),3.3576652965527347
437,Cycling-S_MCM7,Regulon(E2F1(+)),3.136699693791904
2439,Tem_GNLY,Regulon(GSC(+)),2.9686190220970667
2820,Treg_FOXP3,Regulon(FOXP3(+)),2.641974837443715
695,Cycling-S_MCM7,Regulon(TFDP1(+)),2.6185280340224844
411,Cycling-S_MCM7,Regulon(BRCA1(+)),2.581421140681702
6299,Trm3_TGFBR2,Regulon(ETV3(+)),2.4916754312943468
919,IRG_ISG15,Regulon(IRF7(+)),2.3493412105173115
1064,IRG_ISG15,Regulon(STAT2(+)),2.3232929565848255
2457,Tem_GNLY,Regulon(HOXA10(+)),2.290163521477062
1419,Tc17_CEBPD,Regulon(RORC(+)),2.274162761396262
236,Cycling-G2/M_TOP2A,Regulon(RAD21(+)),2.2183622055238152
6478,Trm3_TGFBR2,Regulon(RREB1(+)),2.207025448226757
6444,Trm3_TGFBR2,Regulon(PHF8(+)),2.2066842516840466
438,Cycling-S_MCM7,Regulon(E2F2(+)),2.0331654280332225
6438,Trm3_TGFBR2,Regulon(NRF1(+)),1.996459874040594
6413,Trm3_TGFBR2,Regulon(MZF1(+)),1.9914907523513217
2339,Tem_GNLY,Regulon(ASCL2(+)),1.955376759662279
3689,Trm-Exh2_CXCL13,Regulon(MYOD1(+)),1.941531911247318
856,IRG_ISG15,Regulon(ETV7(+)),1.939739681352173
6556,Trm3_TGFBR2,Regulon(ZFY(+)),1.9384021877309472
2627,Tem_GNLY,Regulon(TBX21(+)),1.9354170470371403
6301,Trm3_TGFBR2,Regulon(ETV6(+)),1.8994744522088847
2361,Tem_GNLY,Regulon(CEBPB(+)),1.8857665864898299
1405,Tc17_CEBPD,Regulon(RARG(+)),1.878457539099029
6507,Trm3_TGFBR2,Regulon(SREBF2(+)),1.8713039789559849
6323,Trm3_TGFBR2,Regulon(GABPA(+)),1.7937527863570983
4588,Trm-Exh4_TOX2,Regulon(TGIF1(+)),1.7788153282491248
108,Cycling-G2/M_TOP2A,Regulon(HDAC2(+)),1.7672309381544398
4298,Trm-Exh4_TOX2,Regulon(BHLHE40(+)),1.748744101212869
3946,Trm-Exh3_CCL4,Regulon(EGR2(+)),1.747643247430213
6314,Trm3_TGFBR2,Regulon(FOXK2(+)),1.7254562627679018
6536,Trm3_TGFBR2,Regulon(TP53(+)),1.7210320564756882
1423,Tc17_CEBPD,Regulon(RUNX2(+)),1.7037213330724685
2653,Tem_GNLY,Regulon(XBP1(+)),1.7036334360593572
3904,Trm-Exh3_CCL4,Regulon(BATF(+)),1.7000164761008765
6256,Trm3_TGFBR2,Regulon(CLOCK(+)),1.6788279969084532
4416,Trm-Exh4_TOX2,Regulon(IRF2(+)),1.6536016702769392
4133,Trm-Exh3_CCL4,Regulon(RELB(+)),1.6339402168628763
4007,Trm-Exh3_CCL4,Regulon(HIVEP1(+)),1.632396824790383
6422,Trm3_TGFBR2,Regulon(NFKB1(+)),1.6295727419318988
3515,Trm-Exh2_CXCL13,Regulon(BATF(+)),1.6286998743093122
443,Cycling-S_MCM7,Regulon(E2F8(+)),1.6243062497742433
3700,Trm-Exh2_CXCL13,Regulon(NFKB2(+)),1.6103205106892575
3748,Trm-Exh2_CXCL13,Regulon(RFX5(+)),1.5955065452336277
6582,Trm3_TGFBR2,Regulon(ZNF43(+)),1.5645687792193557
4318,Trm-Exh4_TOX2,Regulon(CREM(+)),1.562360604844859
6433,Trm3_TGFBR2,Regulon(NR2C2(+)),1.5560534328613094
3963,Trm-Exh3_CCL4,Regulon(ETV1(+)),1.5442767230322614
3714,Trm-Exh2_CXCL13,Regulon(NR5A2(+)),1.5359400879787235
6519,Trm3_TGFBR2,Regulon(TCF12(+)),1.5318504766913852
3744,Trm-Exh2_CXCL13,Regulon(RELB(+)),1.5245824241061845
3829,Trm-Exh2_CXCL13,Regulon(ZC3H7A(+)),1.5224369513300549
4199,Trm-Exh3_CCL4,Regulon(TGIF1(+)),1.5154456998998598
6443,Trm3_TGFBR2,Regulon(PBX3(+)),1.500901122679701
497,Cycling-S_MCM7,Regulon(HDAC2(+)),1.496269508042161
6287,Trm3_TGFBR2,Regulon(ELK3(+)),1.4858721201893947
42,Cycling-G2/M_TOP2A,Regulon(CTCF(+)),1.4783929820876107
2489,Tem_GNLY,Regulon(KLF2(+)),1.4614320655379833
6294,Trm3_TGFBR2,Regulon(ESRRA(+)),1.4571191238113101
6239,Trm3_TGFBR2,Regulon(BCL11B(+)),1.4433947047196574
6310,Trm3_TGFBR2,Regulon(FOXD2(+)),1.4329851860859029
4089,Trm-Exh3_CCL4,Regulon(NFKB2(+)),1.428377035700056
4478,Trm-Exh4_TOX2,Regulon(NFKB2(+)),1.4282216571781023
2413,Tem_GNLY,Regulon(FLI1(+)),1.422868151697313
6599,Trm3_TGFBR2,Regulon(ZNF66(+)),1.4213397126002192
4345,Trm-Exh4_TOX2,Regulon(EOMES(+)),1.4178949713032858
2490,Tem_GNLY,Regulon(KLF3(+)),1.4161256079523812
4295,Trm-Exh4_TOX2,Regulon(BCL3(+)),1.412079260091334
1195,Tc17_CEBPD,Regulon(CEBPD(+)),1.410477594215426
6316,Trm3_TGFBR2,Regulon(FOXN3(+)),1.40941539932132
6551,Trm3_TGFBR2,Regulon(ZBTB7B(+)),1.407629193090356
3906,Trm-Exh3_CCL4,Regulon(BCL3(+)),1.401509965550327
4078,Trm-Exh3_CCL4,Regulon(MYOD1(+)),1.3801053777425272
4103,Trm-Exh3_CCL4,Regulon(NR5A2(+)),1.3720846400836653
6537,Trm3_TGFBR2,Regulon(TP73(+)),1.370016133391435
3909,Trm-Exh3_CCL4,Regulon(BHLHE40(+)),1.352227747087322
6430,Trm3_TGFBR2,Regulon(NR1D1(+)),1.3488878917626286
3618,Trm-Exh2_CXCL13,Regulon(HIVEP1(+)),1.3399995896517958
6377,Trm3_TGFBR2,Regulon(KLF13(+)),1.3354805343043783
4137,Trm-Exh3_CCL4,Regulon(RFX5(+)),1.3321820871927494
4218,Trm-Exh3_CCL4,Regulon(ZC3H7A(+)),1.2991937465869614
6419,Trm3_TGFBR2,Regulon(NFIA(+)),1.296223681028151
2092,Tcm2_IL7R,Regulon(JUNB(+)),1.2881560507744854
4526,Trm-Exh4_TOX2,Regulon(RFX5(+)),1.2602798056844642
2470,Tem_GNLY,Regulon(IRF1(+)),1.2598862779078974
6432,Trm3_TGFBR2,Regulon(NR2C1(+)),1.2589786677437762
3929,Trm-Exh3_CCL4,Regulon(CREM(+)),1.2571477327232787
1417,Tc17_CEBPD,Regulon(RORA(+)),1.2534794735570698
6458,Trm3_TGFBR2,Regulon(PPARG(+)),1.249308293697253
4293,Trm-Exh4_TOX2,Regulon(BATF(+)),1.2460458558737213
4522,Trm-Exh4_TOX2,Regulon(RELB(+)),1.2426038106278687
2506,Tem_GNLY,Regulon(MAZ(+)),1.2228232944945645
1373,Tc17_CEBPD,Regulon(NR1D1(+)),1.2196337728491176
2505,Tem_GNLY,Regulon(MAX(+)),1.2143070439541532
6532,Trm3_TGFBR2,Regulon(TFE3(+)),1.2141556597568843
6508,Trm3_TGFBR2,Regulon(SRF(+)),1.202649946960995
6542,Trm3_TGFBR2,Regulon(VEZF1(+)),1.1945760056307966
6559,Trm3_TGFBR2,Regulon(ZNF121(+)),1.1918091123644634
4292,Trm-Exh4_TOX2,Regulon(BARX2(+)),1.191607449538609
4396,Trm-Exh4_TOX2,Regulon(HIVEP1(+)),1.1887332485246371
6470,Trm3_TGFBR2,Regulon(RFX3(+)),1.186222410205633
6292,Trm3_TGFBR2,Regulon(ERF(+)),1.1836594442347734
2654,Tem_GNLY,Regulon(YBX1(+)),1.1825720754653426
6440,Trm3_TGFBR2,Regulon(PATZ1(+)),1.1825392371370962
3574,Trm-Exh2_CXCL13,Regulon(ETV1(+)),1.1783479516807944
6547,Trm3_TGFBR2,Regulon(ZBED1(+)),1.177945410322794
4607,Trm-Exh4_TOX2,Regulon(ZC3H7A(+)),1.1776395610294221
2195,Tcm2_IL7R,Regulon(RORA(+)),1.1767784956965182
4422,Trm-Exh4_TOX2,Regulon(IRF9(+)),1.1740365290210704
4566,Trm-Exh4_TOX2,Regulon(STAT3(+)),1.1697091680885516
2100,Tcm2_IL7R,Regulon(KLF2(+)),1.1682744070491522
4492,Trm-Exh4_TOX2,Regulon(NR5A2(+)),1.1573032688211973
6424,Trm3_TGFBR2,Regulon(NFYA(+)),1.1547278735642879
6416,Trm3_TGFBR2,Regulon(NFE2L1(+)),1.1533542566294128
4027,Trm-Exh3_CCL4,Regulon(IRF2(+)),1.150688504775776
6386,Trm3_TGFBR2,Regulon(KLF9(+)),1.1451908477692982
6463,Trm3_TGFBR2,Regulon(RB1(+)),1.138935635953584
442,Cycling-S_MCM7,Regulon(E2F7(+)),1.1276091604299945
6524,Trm3_TGFBR2,Regulon(TEF(+)),1.1107555144837764
6562,Trm3_TGFBR2,Regulon(ZNF189(+)),1.1084556400381476
3968,Trm-Exh3_CCL4,Regulon(ETV7(+)),1.1070754519563317
6602,Trm3_TGFBR2,Regulon(ZNF76(+)),1.10194556036779
6393,Trm3_TGFBR2,Regulon(MAFG(+)),1.0938120939656366
1222,Tc17_CEBPD,Regulon(EGR1(+)),1.093439267559125
2576,Tem_GNLY,Regulon(RELA(+)),1.0848191424320446
1972,Tcm2_IL7R,Regulon(CEBPB(+)),1.0791432701502048
2025,Tcm2_IL7R,Regulon(FOS(+)),1.0723515902977618
6418,Trm3_TGFBR2,Regulon(NFE2L3(+)),1.0718458725024764
1230,Tc17_CEBPD,Regulon(ELK3(+)),1.0713772123229155
6571,Trm3_TGFBR2,Regulon(ZNF274(+)),1.0712297686366916
6392,Trm3_TGFBR2,Regulon(MAFF(+)),1.0708453636553366
4536,Trm-Exh4_TOX2,Regulon(RUNX3(+)),1.0685528653687903
6567,Trm3_TGFBR2,Regulon(ZNF234(+)),1.0676395113059431
3520,Trm-Exh2_CXCL13,Regulon(BHLHE40(+)),1.0607284441097573
3643,Trm-Exh2_CXCL13,Regulon(IRF8(+)),1.0604906647336898
3903,Trm-Exh3_CCL4,Regulon(BARX2(+)),1.0566376997897167
6436,Trm3_TGFBR2,Regulon(NR3C2(+)),1.0546413346494168
3810,Trm-Exh2_CXCL13,Regulon(TGIF1(+)),1.0481116588514654
2807,Treg_FOXP3,Regulon(FOXB1(+)),1.0457306709892698
3927,Trm-Exh3_CCL4,Regulon(CREB3L2(+)),1.0429176096532584
4352,Trm-Exh4_TOX2,Regulon(ETV1(+)),1.0373628341401426
6493,Trm3_TGFBR2,Regulon(SMARCA5(+)),1.0369994874101818
5376,Trm-Prog2_XCL1,Regulon(XBP1(+)),1.0364739004501562
2000,Tcm2_IL7R,Regulon(EGR1(+)),1.0268429174129283
2527,Tem_GNLY,Regulon(NFE2L2(+)),1.0266508553404434
3514,Trm-Exh2_CXCL13,Regulon(BARX2(+)),1.0259623636934185
6318,Trm3_TGFBR2,Regulon(FOXO3(+)),1.0222667785613297
2578,Tem_GNLY,Regulon(REST(+)),1.0214857979633618
4029,Trm-Exh3_CCL4,Regulon(IRF4(+)),1.0087692932752237
321,Cycling-G2/M_TOP2A,Regulon(YEATS4(+)),1.0020706030468278
6512,Trm3_TGFBR2,Regulon(STAT5A(+)),1.0012242351224585
6491,Trm3_TGFBR2,Regulon(SMAD3(+)),0.9955586946210728
6224,Trm3_TGFBR2,Regulon(AHCTF1(+)),0.9922658079055969
2415,Tem_GNLY,Regulon(FOSB(+)),0.9905444181100713
6540,Trm3_TGFBR2,Regulon(USF1(+)),0.9898194757615726
6459,Trm3_TGFBR2,Regulon(PSMD12(+)),0.9883449887410892
2026,Tcm2_IL7R,Regulon(FOSB(+)),0.9834581910937801
3517,Trm-Exh2_CXCL13,Regulon(BCL3(+)),0.9832934334635585
4177,Trm-Exh3_CCL4,Regulon(STAT3(+)),0.983292818428949
5069,Trm-Prog2_XCL1,Regulon(BACH2(+)),0.9815770725085395
1063,IRG_ISG15,Regulon(STAT1(+)),0.9786943188120197
4032,Trm-Exh3_CCL4,Regulon(IRF8(+)),0.977608033593795
5298,Trm-Prog2_XCL1,Regulon(REL(+)),0.9688849458148628
3638,Trm-Exh2_CXCL13,Regulon(IRF2(+)),0.9643728875881302
6522,Trm3_TGFBR2,Regulon(TCF7L2(+)),0.9637776926099336
6577,Trm3_TGFBR2,Regulon(ZNF37A(+)),0.9630615426207464
2101,Tcm2_IL7R,Regulon(KLF3(+)),0.9614400918853104
6408,Trm3_TGFBR2,Regulon(MTF1(+)),0.9596940651854559
6312,Trm3_TGFBR2,Regulon(FOXJ2(+)),0.9575077425818994
2113,Tcm2_IL7R,Regulon(MAFF(+)),0.9534616602531556
6566,Trm3_TGFBR2,Regulon(ZNF23(+)),0.9523248930945113
1314,Tc17_CEBPD,Regulon(JUNB(+)),0.9495520141880028
4425,Trm-Exh4_TOX2,Regulon(JUN(+)),0.9423045454452209
6498,Trm3_TGFBR2,Regulon(SOX5(+)),0.9415749082678586
128,Cycling-G2/M_TOP2A,Regulon(HOXC10(+)),0.9392959622903967
6558,Trm3_TGFBR2,Regulon(ZKSCAN8(+)),0.936920533513576
6580,Trm3_TGFBR2,Regulon(ZNF425(+)),0.9341745197938266
2242,Tcm2_IL7R,Regulon(TCF7(+)),0.9280996320858037
5138,Trm-Prog2_XCL1,Regulon(FOSB(+)),0.9261636191399795
2143,Tcm2_IL7R,Regulon(NFKB1(+)),0.9233209027550314
1991,Tcm2_IL7R,Regulon(DDIT3(+)),0.9223079332094042
1447,Tc17_CEBPD,Regulon(SP6(+)),0.9217012102654224
6568,Trm3_TGFBR2,Regulon(ZNF235(+)),0.9205461163605482
2988,Treg_FOXP3,Regulon(SMAD1(+)),0.9204975072598174
5084,Trm-Prog2_XCL1,Regulon(CEBPB(+)),0.9153662785597385
6376,Trm3_TGFBR2,Regulon(KLF11(+)),0.9130419965099527
6384,Trm3_TGFBR2,Regulon(KLF7(+)),0.9090606919221027
2182,Tcm2_IL7R,Regulon(RARA(+)),0.9028456769479293
1637,Tcm1_ANXA1,Regulon(FOSB(+)),0.8995199857475273
2344,Tem_GNLY,Regulon(ATF6B(+)),0.8978026036052283
1247,Tc17_CEBPD,Regulon(FOS(+)),0.8936255570675038
2138,Tcm2_IL7R,Regulon(NFE2L2(+)),0.8896176849800684
1174,Tc17_CEBPD,Regulon(ATF3(+)),0.8892754585551035
625,Cycling-S_MCM7,Regulon(RAD21(+)),0.8884819350932919
5216,Trm-Prog2_XCL1,Regulon(KLF6(+)),0.8880057483765672
4081,Trm-Exh3_CCL4,Regulon(NFATC1(+)),0.8807300272327442
4415,Trm-Exh4_TOX2,Regulon(IRF1(+)),0.8785940969493906
6266,Trm3_TGFBR2,Regulon(CTCF(+)),0.8769664746780342
2264,Tcm2_IL7R,Regulon(XBP1(+)),0.8734796169432901
2104,Tcm2_IL7R,Regulon(KLF6(+)),0.8694357183753086
1692,Tcm1_ANXA1,Regulon(IRF1(+)),0.8661749257631018
6235,Trm3_TGFBR2,Regulon(BACH1(+)),0.8661341804437314
5204,Trm-Prog2_XCL1,Regulon(JUNB(+)),0.8652149875384314
2493,Tem_GNLY,Regulon(KLF6(+)),0.8635454666922193
1703,Tcm1_ANXA1,Regulon(JUNB(+)),0.8629743417847755
4427,Trm-Exh4_TOX2,Regulon(JUND(+)),0.862148903758889
5162,Trm-Prog2_XCL1,Regulon(GSC(+)),0.8610294057136253
6274,Trm3_TGFBR2,Regulon(E2F3(+)),0.8538121899348613
1849,Tcm1_ANXA1,Regulon(TBX21(+)),0.8520327148653536
1335,Tc17_CEBPD,Regulon(MAFF(+)),0.8510862014195049
6601,Trm3_TGFBR2,Regulon(ZNF69(+)),0.8480589489714916
1583,Tcm1_ANXA1,Regulon(CEBPB(+)),0.8464131517828821
6341,Trm3_TGFBR2,Regulon(HIVEP1(+)),0.8461566650182375
1973,Tcm2_IL7R,Regulon(CEBPD(+)),0.8459253882398845
1841,Tcm1_ANXA1,Regulon(STAT1(+)),0.8419330808156105
1715,Tcm1_ANXA1,Regulon(KLF6(+)),0.8414131907373436
6607,Trm3_TGFBR2,Regulon(ZNF8(+)),0.8310400676357392
5137,Trm-Prog2_XCL1,Regulon(FOS(+)),0.8272998332969609
5295,Trm-Prog2_XCL1,Regulon(RARG(+)),0.8255934866883485
5250,Trm-Prog2_XCL1,Regulon(NFE2L2(+)),0.8240646829169318
1711,Tcm1_ANXA1,Regulon(KLF2(+)),0.823951797227019
6313,Trm3_TGFBR2,Regulon(FOXK1(+)),0.8211874792459198
3956,Trm-Exh3_CCL4,Regulon(EOMES(+)),0.819749173775778
710,Cycling-S_MCM7,Regulon(YEATS4(+)),0.8151135257599649
1635,Tcm1_ANXA1,Regulon(FLI1(+)),0.8142630685400615
1876,Tcm1_ANXA1,Regulon(YBX1(+)),0.8094326925415749
6247,Trm3_TGFBR2,Regulon(BRF1(+)),0.8084476715273138
1767,Tcm1_ANXA1,Regulon(NR3C1(+)),0.8078326910080097
6267,Trm3_TGFBR2,Regulon(CTNNB1(+)),0.8071120530356439
4289,Trm-Exh4_TOX2,Regulon(ATF6B(+)),0.8003932435923253
5212,Trm-Prog2_XCL1,Regulon(KLF2(+)),0.7993686781240226
3567,Trm-Exh2_CXCL13,Regulon(EOMES(+)),0.7991831041553961
5377,Trm-Prog2_XCL1,Regulon(YBX1(+)),0.7983826008035633
1636,Tcm1_ANXA1,Regulon(FOS(+)),0.7974762951511778
6233,Trm3_TGFBR2,Regulon(ATF5(+)),0.797457867935105
6311,Trm3_TGFBR2,Regulon(FOXJ1(+)),0.7914464857608673
3947,Trm-Exh3_CCL4,Regulon(EGR3(+)),0.7901524236100961
4552,Trm-Exh4_TOX2,Regulon(SOX4(+)),0.7873211208498041
447,Cycling-S_MCM7,Regulon(ELF1(+)),0.7846256116999151
6382,Trm3_TGFBR2,Regulon(KLF5(+)),0.78251129527594
2176,Tcm2_IL7R,Regulon(POU5F1B(+)),0.7781508191254836
1250,Tc17_CEBPD,Regulon(FOSL2(+)),0.7780836506580098
1797,Tcm1_ANXA1,Regulon(REL(+)),0.7741481046534098
65,Cycling-G2/M_TOP2A,Regulon(EMX1(+)),0.7718750753857717
1749,Tcm1_ANXA1,Regulon(NFE2L2(+)),0.7714647745460231
4286,Trm-Exh4_TOX2,Regulon(ATF3(+)),0.7713380230556968
6488,Trm3_TGFBR2,Regulon(SIX5(+)),0.7713291744286608
4523,Trm-Exh4_TOX2,Regulon(REST(+)),0.7691751602580157
2047,Tcm2_IL7R,Regulon(GATA6(+)),0.7657744512406927
6446,Trm3_TGFBR2,Regulon(PLAG1(+)),0.7645420585462994
6425,Trm3_TGFBR2,Regulon(NFYB(+)),0.7609703237076043
1875,Tcm1_ANXA1,Regulon(XBP1(+)),0.7592533785852573
5228,Trm-Prog2_XCL1,Regulon(MAX(+)),0.7581005776419372
1712,Tcm1_ANXA1,Regulon(KLF3(+)),0.7530694917003619
460,Cycling-S_MCM7,Regulon(ETS1(+)),0.7528289633743904
1017,IRG_ISG15,Regulon(RB1(+)),0.7506862609843328
182,Cycling-G2/M_TOP2A,Regulon(MSX1(+)),0.7491400189175466
4466,Trm-Exh4_TOX2,Regulon(MYC(+)),0.7488258249667078
322,Cycling-G2/M_TOP2A,Regulon(YY1(+)),0.7470524356624694
6464,Trm3_TGFBR2,Regulon(RBBP5(+)),0.743953023114183
517,Cycling-S_MCM7,Regulon(HOXC10(+)),0.7424047720806469
2414,Tem_GNLY,Regulon(FOS(+)),0.7411372064257439
2481,Tem_GNLY,Regulon(JUNB(+)),0.7391942824466173
6495,Trm3_TGFBR2,Regulon(SNAI1(+)),0.7385470159371577
2028,Tcm2_IL7R,Regulon(FOSL2(+)),0.736889179108254
6581,Trm3_TGFBR2,Regulon(ZNF426(+)),0.7361622768170353
1800,Tcm1_ANXA1,Regulon(REST(+)),0.7356271159113957
2186,Tcm2_IL7R,Regulon(REL(+)),0.7342422424714511
2571,Tem_GNLY,Regulon(RARA(+)),0.7340179337342483
6322,Trm3_TGFBR2,Regulon(FOXP4(+)),0.7309316389066602
172,Cycling-G2/M_TOP2A,Regulon(MAZ(+)),0.7289592809296559
6527,Trm3_TGFBR2,Regulon(TFAP4(+)),0.7277780454856173
2572,Tem_GNLY,Regulon(RARG(+)),0.7275780271121867
6474,Trm3_TGFBR2,Regulon(RORA(+)),0.726770761686477
4567,Trm-Exh4_TOX2,Regulon(STAT5A(+)),0.7262181745468472
5157,Trm-Prog2_XCL1,Regulon(GABPB1(+)),0.7257049511456392
202,Cycling-G2/M_TOP2A,Regulon(NFYC(+)),0.7213814125046408
2417,Tem_GNLY,Regulon(FOSL2(+)),0.7209413062396375
1737,Tcm1_ANXA1,Regulon(MSC(+)),0.7201889628869381
1611,Tcm1_ANXA1,Regulon(EGR1(+)),0.7192888560892692
1264,Tc17_CEBPD,Regulon(FOXP3(+)),0.7167226174109289
1727,Tcm1_ANXA1,Regulon(MAX(+)),0.7151168054468663
2077,Tcm2_IL7R,Regulon(HOXD9(+)),0.714195803039799
2392,Tem_GNLY,Regulon(ELF1(+)),0.711221486368942
1354,Tc17_CEBPD,Regulon(MYC(+)),0.7106486961853031
6600,Trm3_TGFBR2,Regulon(ZNF664(+)),0.7058582300947233
2385,Tem_GNLY,Regulon(E2F4(+)),0.7040170689531008
5255,Trm-Prog2_XCL1,Regulon(NFKB1(+)),0.7040012658396734
6500,Trm3_TGFBR2,Regulon(SP1(+)),0.7029031696039842
3987,Trm-Exh3_CCL4,Regulon(FOXP3(+)),0.7012420756279774
4337,Trm-Exh4_TOX2,Regulon(ELF1(+)),0.7005036462056085
5348,Trm-Prog2_XCL1,Regulon(TAF7(+)),0.6986961015956609
4515,Trm-Exh4_TOX2,Regulon(RAD21(+)),0.6962076366938306
1584,Tcm1_ANXA1,Regulon(CEBPD(+)),0.6960520623710867
842,IRG_ISG15,Regulon(ELK4(+)),0.695746280206402
203,Cycling-G2/M_TOP2A,Regulon(NKX2-3(+)),0.6941649096362925
2024,Tcm2_IL7R,Regulon(FLI1(+)),0.6928514229780163
4599,Trm-Exh4_TOX2,Regulon(YBX1(+)),0.6906285691140948
4350,Trm-Exh4_TOX2,Regulon(ETS1(+)),0.6905845325531039
420,Cycling-S_MCM7,Regulon(CHD2(+)),0.6881799614626403
5350,Trm-Prog2_XCL1,Regulon(TBX21(+)),0.6840640459881271
6333,Trm3_TGFBR2,Regulon(HES1(+)),0.6828859992954758
6319,Trm3_TGFBR2,Regulon(FOXP1(+)),0.682850210607742
4924,Trm-Prog1_ZNF683,Regulon(RUNX2(+)),0.682668504841179
2364,Tem_GNLY,Regulon(CERS2(+)),0.6799275036126486
3504,Trm-Exh2_CXCL13,Regulon(ARNT2(+)),0.6789501347792626
1675,Tcm1_ANXA1,Regulon(HMGA1(+)),0.6786757558225164
1249,Tc17_CEBPD,Regulon(FOSL1(+)),0.6741583017339544
2462,Tem_GNLY,Regulon(HOXC10(+)),0.6738136081116941
1728,Tcm1_ANXA1,Regulon(MAZ(+)),0.6703047226148751
6584,Trm3_TGFBR2,Regulon(ZNF460(+)),0.6676720498257163
4284,Trm-Exh4_TOX2,Regulon(ASCL2(+)),0.6666460739178764
4594,Trm-Exh4_TOX2,Regulon(UBTF(+)),0.6663456235014681
4325,Trm-Exh4_TOX2,Regulon(DDIT3(+)),0.6662215910493706
6420,Trm3_TGFBR2,Regulon(NFIB(+)),0.6659836671436006
1704,Tcm1_ANXA1,Regulon(JUND(+)),0.6622246523034323
2575,Tem_GNLY,Regulon(REL(+)),0.6621835586424856
1754,Tcm1_ANXA1,Regulon(NFKB1(+)),0.6603684787224569
1806,Tcm1_ANXA1,Regulon(RORA(+)),0.6600152614593668
2570,Tem_GNLY,Regulon(RAD21(+)),0.6589375895349485
1793,Tcm1_ANXA1,Regulon(RARA(+)),0.6582831193202747
6409,Trm3_TGFBR2,Regulon(MXI1(+)),0.6564097708732294
6520,Trm3_TGFBR2,Regulon(TCF3(+)),0.6539204181762035
3818,Trm-Exh2_CXCL13,Regulon(VDR(+)),0.6529895455209511
5193,Trm-Prog2_XCL1,Regulon(IRF1(+)),0.652299518792993
5088,Trm-Prog2_XCL1,Regulon(CHD2(+)),0.6520247635373161
5136,Trm-Prog2_XCL1,Regulon(FLI1(+)),0.6512234653683348
406,Cycling-S_MCM7,Regulon(BCLAF1(+)),0.6483931837990657
2480,Tem_GNLY,Regulon(JUN(+)),0.6482376098573949
1248,Tc17_CEBPD,Regulon(FOSB(+)),0.6473935194636224
6550,Trm3_TGFBR2,Regulon(ZBTB7A(+)),0.6468299244498442
6513,Trm3_TGFBR2,Regulon(STAT5B(+)),0.6445887107545955
4472,Trm-Exh4_TOX2,Regulon(NFE2L2(+)),0.6413574084694239
5534,Trm1_GZMH,Regulon(FOXJ2(+)),0.6393202472892027
2468,Tem_GNLY,Regulon(IKZF1(+)),0.6391758696640469
1699,Tcm1_ANXA1,Regulon(IRF9(+)),0.6381880710832305
2066,Tcm2_IL7R,Regulon(HMX3(+)),0.6372842294578406
1290,Tc17_CEBPD,Regulon(HOXA10(+)),0.6352335382595347
4696,Trm-Prog1_ZNF683,Regulon(CEBPD(+)),0.6336878454116972
4310,Trm-Exh4_TOX2,Regulon(CHD2(+)),0.6333716775190306
5208,Trm-Prog2_XCL1,Regulon(KLF10(+)),0.6319046941694226
4598,Trm-Exh4_TOX2,Regulon(XBP1(+)),0.6297105028145221
2400,Tem_GNLY,Regulon(EOMES(+)),0.6291897671891457
4906,Trm-Prog1_ZNF683,Regulon(RARG(+)),0.6289176837856033
3641,Trm-Exh2_CXCL13,Regulon(IRF5(+)),0.6283987788116919
4748,Trm-Prog1_ZNF683,Regulon(FOS(+)),0.6281053657501193
1724,Tcm1_ANXA1,Regulon(MAFF(+)),0.6253613452189789
4429,Trm-Exh4_TOX2,Regulon(KDM5A(+)),0.6236910043293609
2513,Tem_GNLY,Regulon(MLX(+)),0.6224387342349834
5195,Trm-Prog2_XCL1,Regulon(IRF3(+)),0.6222853311491452
6331,Trm3_TGFBR2,Regulon(GTF3C2(+)),0.621832716988979
4307,Trm-Exh4_TOX2,Regulon(CEBPD(+)),0.619482604527098
866,IRG_ISG15,Regulon(FOXJ2(+)),0.6161820814594772
2545,Tem_GNLY,Regulon(NR3C1(+)),0.6157059852307182
6277,Trm3_TGFBR2,Regulon(E2F7(+)),0.6135377012364164
2354,Tem_GNLY,Regulon(BHLHE41(+)),0.6122216247752688
6501,Trm3_TGFBR2,Regulon(SP2(+)),0.6116894504174171
2584,Tem_GNLY,Regulon(RORA(+)),0.6112170283296402
4905,Trm-Prog1_ZNF683,Regulon(RARA(+)),0.6108543148805078
4827,Trm-Prog1_ZNF683,Regulon(KLF6(+)),0.6090330758646221
4815,Trm-Prog1_ZNF683,Regulon(JUNB(+)),0.6065341267271078
1602,Tcm1_ANXA1,Regulon(DDIT3(+)),0.605862315606559
4450,Trm-Exh4_TOX2,Regulon(MAX(+)),0.6045805191808812
5129,Trm-Prog2_XCL1,Regulon(ETS2(+)),0.6013841946251594
680,Cycling-S_MCM7,Regulon(TAF7(+)),0.6004968623754323
875,IRG_ISG15,Regulon(FOXP3(+)),0.5995724610981571
3126,Trm-Exh1_VCAM1,Regulon(BATF(+)),0.5995316237062362
1486,Tc17_CEBPD,Regulon(XBP1(+)),0.5969570146250018
4398,Trm-Exh4_TOX2,Regulon(HMGA1(+)),0.596412601366725
2238,Tcm2_IL7R,Regulon(TBX21(+)),0.5961027254985852
282,Cycling-G2/M_TOP2A,Regulon(SREBF1(+)),0.5958597771299783
5268,Trm-Prog2_XCL1,Regulon(NR3C1(+)),0.5948810580719682
1953,Tcm2_IL7R,Regulon(ATF4(+)),0.5946159709529598
1690,Tcm1_ANXA1,Regulon(IKZF1(+)),0.5934055337644907
6369,Trm3_TGFBR2,Regulon(JDP2(+)),0.5928235544569298
2107,Tcm2_IL7R,Regulon(KLF9(+)),0.592208827193024
6560,Trm3_TGFBR2,Regulon(ZNF143(+)),0.5911451320155741
5354,Trm-Prog2_XCL1,Regulon(TCF7(+)),0.5908794997425377
4749,Trm-Prog1_ZNF683,Regulon(FOSB(+)),0.5905477652411102
4490,Trm-Exh4_TOX2,Regulon(NR3C1(+)),0.589619952098798
5313,Trm-Prog2_XCL1,Regulon(RUNX2(+)),0.5892792562966327
5393,Trm-Prog2_XCL1,Regulon(ZNF143(+)),0.5876793951218845
4413,Trm-Exh4_TOX2,Regulon(IKZF1(+)),0.5872324733906636
3557,Trm-Exh2_CXCL13,Regulon(EGR2(+)),0.584990578709431
2352,Tem_GNLY,Regulon(BDP1(+)),0.5839705328719907
6285,Trm3_TGFBR2,Regulon(ELF4(+)),0.5827606296791938
2380,Tem_GNLY,Regulon(DDIT3(+)),0.582558493041316
6591,Trm3_TGFBR2,Regulon(ZNF568(+)),0.5806767351487923
5951,Trm2_TNFSF9,Regulon(HIST2H2BE(+)),0.5787335336315003
6506,Trm3_TGFBR2,Regulon(SREBF1(+)),0.5786675184143395
1798,Tcm1_ANXA1,Regulon(RELA(+)),0.5786251198504567
6579,Trm3_TGFBR2,Regulon(ZNF420(+)),0.5782130048381102
1326,Tc17_CEBPD,Regulon(KLF6(+)),0.5779187594590228
6451,Trm3_TGFBR2,Regulon(POU2F1(+)),0.5751384354886139
3644,Trm-Exh2_CXCL13,Regulon(IRF9(+)),0.5718388862352266
6572,Trm3_TGFBR2,Regulon(ZNF28(+)),0.5715646613785496
4417,Trm-Exh4_TOX2,Regulon(IRF3(+)),0.571075240183778
3325,Trm-Exh1_VCAM1,Regulon(NR5A2(+)),0.5708125640772596
5180,Trm-Prog2_XCL1,Regulon(HOXA10(+)),0.5692058967703936
3788,Trm-Exh2_CXCL13,Regulon(STAT3(+)),0.5688643395982629
1614,Tcm1_ANXA1,Regulon(ELF1(+)),0.5668714765270622
25,Cycling-G2/M_TOP2A,Regulon(CBFB(+)),0.5663575599901507
2405,Tem_GNLY,Regulon(ETS1(+)),0.5622098072081833
1627,Tcm1_ANXA1,Regulon(ETS1(+)),0.5614025851034521
4570,Trm-Exh4_TOX2,Regulon(TAF7(+)),0.5591807425282431
5229,Trm-Prog2_XCL1,Regulon(MAZ(+)),0.5586922890854423
4909,Trm-Prog1_ZNF683,Regulon(REL(+)),0.5581927417310586
5205,Trm-Prog2_XCL1,Regulon(JUND(+)),0.5576701925763119
4335,Trm-Exh4_TOX2,Regulon(EGR2(+)),0.557554353511566
6349,Trm3_TGFBR2,Regulon(HOXB13(+)),0.5567435557353625
612,Cycling-S_MCM7,Regulon(POLE4(+)),0.5549505270950067
1318,Tc17_CEBPD,Regulon(KLF10(+)),0.5544407104207408
2008,Tcm2_IL7R,Regulon(ELK3(+)),0.5540878339585199
711,Cycling-S_MCM7,Regulon(YY1(+)),0.550851836483034
6596,Trm3_TGFBR2,Regulon(ZNF607(+)),0.5506831275151087
6286,Trm3_TGFBR2,Regulon(ELK1(+)),0.5502455354293039
1718,Tcm1_ANXA1,Regulon(KLF9(+)),0.5497281823702638
5074,Trm-Prog2_XCL1,Regulon(BCLAF1(+)),0.5492435623566081
2631,Tem_GNLY,Regulon(TCF7(+)),0.5492393900422999
6565,Trm3_TGFBR2,Regulon(ZNF215(+)),0.54800767215871
1322,Tc17_CEBPD,Regulon(KLF2(+)),0.546127728864706
2801,Treg_FOXP3,Regulon(ETV7(+)),0.5458726657379079
6346,Trm3_TGFBR2,Regulon(HOXA1(+)),0.5455135137025044
4920,Trm-Prog1_ZNF683,Regulon(RORC(+)),0.5449265355334448
4296,Trm-Exh4_TOX2,Regulon(BCLAF1(+)),0.5441486141457896
3540,Trm-Exh2_CXCL13,Regulon(CREM(+)),0.5432610529938725
4918,Trm-Prog1_ZNF683,Regulon(RORA(+)),0.5431541644546899
4376,Trm-Exh4_TOX2,Regulon(FOXP3(+)),0.5401251791037361
1172,Tc17_CEBPD,Regulon(ASCL2(+)),0.5395357112524444
5225,Trm-Prog2_XCL1,Regulon(MAFF(+)),0.5378772795869828
2116,Tcm2_IL7R,Regulon(MAX(+)),0.5377008582615572
2183,Tcm2_IL7R,Regulon(RARG(+)),0.5365077884484006
6589,Trm3_TGFBR2,Regulon(ZNF513(+)),0.5359349845592509
4953,Trm-Prog1_ZNF683,Regulon(STAT1(+)),0.535715459933906
4695,Trm-Prog1_ZNF683,Regulon(CEBPB(+)),0.5354179950866419
6457,Trm3_TGFBR2,Regulon(PPARA(+)),0.5343870745357184
6324,Trm3_TGFBR2,Regulon(GABPB1(+)),0.5325401476550528
6563,Trm3_TGFBR2,Regulon(ZNF200(+)),0.5311144778164093
6477,Trm3_TGFBR2,Regulon(RPP25(+)),0.5301398004495542
58,Cycling-G2/M_TOP2A,Regulon(ELF1(+)),0.5281292738577832
3687,Trm-Exh2_CXCL13,Regulon(MYB(+)),0.526782778047144
313,Cycling-G2/M_TOP2A,Regulon(TP73(+)),0.5256362759738021
2350,Tem_GNLY,Regulon(BCL3(+)),0.524996669888523
5075,Trm-Prog2_XCL1,Regulon(BDP1(+)),0.5248037684037494
6472,Trm3_TGFBR2,Regulon(RFX8(+)),0.5238514169359382
4076,Trm-Exh3_CCL4,Regulon(MYB(+)),0.5224332456086265
314,Cycling-G2/M_TOP2A,Regulon(TRIM28(+)),0.5223277511321016
2096,Tcm2_IL7R,Regulon(KLF10(+)),0.5214942967261641
3185,Trm-Exh1_VCAM1,Regulon(ETV1(+)),0.5208367394948276
561,Cycling-S_MCM7,Regulon(MAZ(+)),0.5205731792343783
3359,Trm-Exh1_VCAM1,Regulon(RFX5(+)),0.5191348148501105
5203,Trm-Prog2_XCL1,Regulon(JUN(+)),0.5187679778172811
4025,Trm-Exh3_CCL4,Regulon(IL21(+)),0.5186789052323075
1792,Tcm1_ANXA1,Regulon(RAD21(+)),0.5181870766772431
2736,Treg_FOXP3,Regulon(BARX2(+)),0.5155209891206032
1853,Tcm1_ANXA1,Regulon(TCF7(+)),0.5154057563287445
2081,Tcm2_IL7R,Regulon(IRF1(+)),0.5140734818291705
6592,Trm3_TGFBR2,Regulon(ZNF583(+)),0.5130407330142934
1404,Tc17_CEBPD,Regulon(RARA(+)),0.5127453340764133
5280,Trm-Prog2_XCL1,Regulon(POLE4(+)),0.5101686309810912
4219,Trm-Exh3_CCL4,Regulon(ZEB1(+)),0.5101250556572162
4163,Trm-Exh3_CCL4,Regulon(SOX4(+)),0.5100339415225958
31,Cycling-G2/M_TOP2A,Regulon(CHD2(+)),0.5097599989784112
3125,Trm-Exh1_VCAM1,Regulon(BARX2(+)),0.5090268185385322
2621,Tem_GNLY,Regulon(STAT3(+)),0.5089795143789135
2365,Tem_GNLY,Regulon(CHD2(+)),0.5089465302935879
3990,Trm-Exh3_CCL4,Regulon(GABPB1(+)),0.5084375392229721
5536,Trm1_GZMH,Regulon(FOXK2(+)),0.5076052926188379
1702,Tcm1_ANXA1,Regulon(JUN(+)),0.5070190474873165
320,Cycling-G2/M_TOP2A,Regulon(YBX1(+)),0.5038786704030271
2355,Tem_GNLY,Regulon(BPTF(+)),0.503666053796262
5293,Trm-Prog2_XCL1,Regulon(RAD21(+)),0.5034886417750719
6504,Trm3_TGFBR2,Regulon(SP6(+)),0.5027523332348957
5630,Trm1_GZMH,Regulon(MTF1(+)),0.5018372573681491
2496,Tem_GNLY,Regulon(KLF9(+)),0.4997491360574845
1587,Tcm1_ANXA1,Regulon(CHD2(+)),0.49693695557567996
2351,Tem_GNLY,Regulon(BCLAF1(+)),0.4943284764186945
6337,Trm3_TGFBR2,Regulon(HEY2(+)),0.4939850259046873
5299,Trm-Prog2_XCL1,Regulon(RELA(+)),0.49312222651380405
4558,Trm-Exh4_TOX2,Regulon(SP4(+)),0.49181986329639155
4723,Trm-Prog1_ZNF683,Regulon(EGR1(+)),0.49171480542905466
5860,Trm2_TNFSF9,Regulon(CBFB(+)),0.49123438968933725
4631,Trm-Exh4_TOX2,Regulon(ZNF362(+)),0.4907189057454409
6534,Trm3_TGFBR2,Regulon(TGIF2(+)),0.4906097265085896
6296,Trm3_TGFBR2,Regulon(ETS2(+)),0.4904185561759511
1564,Tcm1_ANXA1,Regulon(ATF4(+)),0.49029628477980286
5307,Trm-Prog2_XCL1,Regulon(RORA(+)),0.4902497765141321
71,Cycling-G2/M_TOP2A,Regulon(ETS1(+)),0.4884621843789797
2531,Tem_GNLY,Regulon(NFIL3(+)),0.48687053594372004
2265,Tcm2_IL7R,Regulon(YBX1(+)),0.48655519692028787
5342,Trm-Prog2_XCL1,Regulon(STAT1(+)),0.48593086172670635
1138,IRG_ISG15,Regulon(ZNF460(+)),0.4852974955115976
4314,Trm-Exh4_TOX2,Regulon(CREB1(+)),0.48520494273635645
2187,Tcm2_IL7R,Regulon(RELA(+)),0.4851424932794146
530,Cycling-S_MCM7,Regulon(IRF7(+)),0.4836890122548125
1012,IRG_ISG15,Regulon(PPARG(+)),0.4826380677699648
2482,Tem_GNLY,Regulon(JUND(+)),0.4818745636227759
4521,Trm-Exh4_TOX2,Regulon(RELA(+)),0.4817919675189125
2797,Treg_FOXP3,Regulon(ETV2(+)),0.48017319828179855
532,Cycling-S_MCM7,Regulon(IRF9(+)),0.4783992105324909
5923,Trm2_TNFSF9,Regulon(FOXJ2(+)),0.478063411904244
709,Cycling-S_MCM7,Regulon(YBX1(+)),0.47757471739285384
1574,Tcm1_ANXA1,Regulon(BDP1(+)),0.4768529980681854
2649,Tem_GNLY,Regulon(UBTF(+)),0.47674042470594885
2277,Tcm2_IL7R,Regulon(ZFY(+)),0.4752694458098881
4451,Trm-Exh4_TOX2,Regulon(MAZ(+)),0.4751723459834885
2108,Tcm2_IL7R,Regulon(LEF1(+)),0.4745742169053286
6288,Trm3_TGFBR2,Regulon(ELK4(+)),0.47446351174352175
5344,Trm-Prog2_XCL1,Regulon(STAT3(+)),0.47339220759952017
4357,Trm-Exh4_TOX2,Regulon(ETV7(+)),0.4732599512951404
176,Cycling-G2/M_TOP2A,Regulon(MEIS1(+)),0.4728870864304544
3807,Trm-Exh2_CXCL13,Regulon(TFDP1(+)),0.4721290517177336
4751,Trm-Prog1_ZNF683,Regulon(FOSL2(+)),0.47178466622496273
6359,Trm3_TGFBR2,Regulon(IL21(+)),0.4688903521573217
6325,Trm3_TGFBR2,Regulon(GATA2(+)),0.468796008192348
6595,Trm3_TGFBR2,Regulon(ZNF597(+)),0.4681581904269805
5085,Trm-Prog2_XCL1,Regulon(CEBPD(+)),0.46799852553795074
6606,Trm3_TGFBR2,Regulon(ZNF799(+)),0.46772945329269194
1622,Tcm1_ANXA1,Regulon(EOMES(+)),0.46558757892307173
4092,Trm-Exh3_CCL4,Regulon(NFYC(+)),0.46402929232675116
4747,Trm-Prog1_ZNF683,Regulon(FLI1(+)),0.4627987230524941
4823,Trm-Prog1_ZNF683,Regulon(KLF2(+)),0.4623095416296814
2613,Tem_GNLY,Regulon(SP4(+)),0.46205196243943863
4297,Trm-Exh4_TOX2,Regulon(BDP1(+)),0.46202256088551524
5140,Trm-Prog2_XCL1,Regulon(FOSL2(+)),0.4617891554790102
2477,Tem_GNLY,Regulon(IRF9(+)),0.46141761403078635
1591,Tcm1_ANXA1,Regulon(CREB1(+)),0.46125168068382794
1313,Tc17_CEBPD,Regulon(JUN(+)),0.46058605636782335
5301,Trm-Prog2_XCL1,Regulon(REST(+)),0.46047714624842384
291,Cycling-G2/M_TOP2A,Regulon(TAF7(+)),0.4602731405206662
6273,Trm3_TGFBR2,Regulon(E2F2(+)),0.45979700761278974
3902,Trm-Exh3_CCL4,Regulon(BACH2(+)),0.4594790859634144
4438,Trm-Exh4_TOX2,Regulon(KLF6(+)),0.4592811006174896
4520,Trm-Exh4_TOX2,Regulon(REL(+)),0.4581249938153034
2557,Tem_GNLY,Regulon(POLE4(+)),0.45696724400589644
1706,Tcm1_ANXA1,Regulon(KDM5A(+)),0.4568525604731068
1639,Tcm1_ANXA1,Regulon(FOSL2(+)),0.4565711092526829
4481,Trm-Exh4_TOX2,Regulon(NFYC(+)),0.45586694865323435
917,IRG_ISG15,Regulon(IRF4(+)),0.4554253804566986
1175,Tc17_CEBPD,Regulon(ATF4(+)),0.4540932245867561
0,Cycling-G2/M_TOP2A,Regulon(AHCTF1(+)),0.45297778336283595
1573,Tcm1_ANXA1,Regulon(BCLAF1(+)),0.4524702569088981
4147,Trm-Exh3_CCL4,Regulon(RUNX3(+)),0.4518627554389387
2532,Tem_GNLY,Regulon(NFKB1(+)),0.4518379191820759
200,Cycling-G2/M_TOP2A,Regulon(NFYA(+)),0.4509004526376531
363,Cycling-G2/M_TOP2A,Regulon(ZNF490(+)),0.4497307857959637
2117,Tcm2_IL7R,Regulon(MAZ(+)),0.44972617389406344
1577,Tcm1_ANXA1,Regulon(BPTF(+)),0.44889449868589554
6394,Trm3_TGFBR2,Regulon(MAFK(+)),0.44817082530636576
4178,Trm-Exh3_CCL4,Regulon(STAT5A(+)),0.44766874000788104
6264,Trm3_TGFBR2,Regulon(CRX(+)),0.4476467630004192
4879,Trm-Prog1_ZNF683,Regulon(NR3C1(+)),0.4470356850525696
6236,Trm3_TGFBR2,Regulon(BACH2(+)),0.4459257304864398
4346,Trm-Exh4_TOX2,Regulon(EP300(+)),0.44588053761440777
118,Cycling-G2/M_TOP2A,Regulon(HLF(+)),0.4456018458555654
4987,Trm-Prog1_ZNF683,Regulon(XBP1(+)),0.4447262103758937
2020,Tcm2_IL7R,Regulon(ETV3(+)),0.4445680755682851
1908,Tcm1_ANXA1,Regulon(ZNF362(+)),0.44420855204712173
6249,Trm3_TGFBR2,Regulon(CBFB(+)),0.44351099760219204
5115,Trm-Prog2_XCL1,Regulon(ELF1(+)),0.4431536896099323
2156,Tcm2_IL7R,Regulon(NR3C1(+)),0.4418923126849411
4330,Trm-Exh4_TOX2,Regulon(E2F4(+)),0.4408165742519617
6257,Trm3_TGFBR2,Regulon(CNOT3(+)),0.44070957411352163
4470,Trm-Exh4_TOX2,Regulon(NFATC1(+)),0.43946293913484263
5199,Trm-Prog2_XCL1,Regulon(IRF8(+)),0.4364970547514371
6278,Trm3_TGFBR2,Regulon(E2F8(+)),0.43447599382291624
1561,Tcm1_ANXA1,Regulon(ASCL2(+)),0.4341646209758248
2619,Tem_GNLY,Regulon(STAT1(+)),0.433482121202034
2984,Treg_FOXP3,Regulon(SETDB1(+)),0.4333647703323364
1888,Tcm1_ANXA1,Regulon(ZFY(+)),0.4328367019539351
5294,Trm-Prog2_XCL1,Regulon(RARA(+)),0.43263536850960527
1398,Tc17_CEBPD,Regulon(POU5F1B(+)),0.43139166982992944
5191,Trm-Prog2_XCL1,Regulon(IKZF1(+)),0.43123435942267235
6421,Trm3_TGFBR2,Regulon(NFIL3(+)),0.43092926583152436
6385,Trm3_TGFBR2,Regulon(KLF8(+)),0.4308296676330645
52,Cycling-G2/M_TOP2A,Regulon(E2F6(+)),0.4303125080524413
1365,Tc17_CEBPD,Regulon(NFKB1(+)),0.42824824225933084
1615,Tcm1_ANXA1,Regulon(ELF2(+)),0.428093504050189
974,IRG_ISG15,Regulon(NFIB(+)),0.42802421020398634
6483,Trm3_TGFBR2,Regulon(SALL2(+)),0.42801822266063877
3051,Treg_FOXP3,Regulon(ZC3H7A(+)),0.42754890219478436
4206,Trm-Exh3_CCL4,Regulon(USF1(+)),0.4270236214041733
3229,Trm-Exh1_VCAM1,Regulon(HIVEP1(+)),0.4265675287942716
5337,Trm-Prog2_XCL1,Regulon(SP6(+)),0.4256017381519811
4564,Trm-Exh4_TOX2,Regulon(STAT1(+)),0.4254283617114796
6585,Trm3_TGFBR2,Regulon(ZNF467(+)),0.42537588244156227
1408,Tc17_CEBPD,Regulon(REL(+)),0.42499266819358017
591,Cycling-S_MCM7,Regulon(NFYC(+)),0.42456737455027016
1194,Tc17_CEBPD,Regulon(CEBPB(+)),0.4234136957283876
3586,Trm-Exh2_CXCL13,Regulon(FOXC1(+)),0.42335473832885717
535,Cycling-S_MCM7,Regulon(JUN(+)),0.42310062783961366
2524,Tem_GNLY,Regulon(NF1(+)),0.4226278978490277
1950,Tcm2_IL7R,Regulon(ASCL2(+)),0.422467859537809
4469,Trm-Exh4_TOX2,Regulon(NF1(+)),0.4224262581378726
5538,Trm1_GZMH,Regulon(FOXN3(+)),0.4213924419437601
6415,Trm3_TGFBR2,Regulon(NFATC1(+)),0.42102498448616665
2484,Tem_GNLY,Regulon(KDM5A(+)),0.42016460109954296
3045,Treg_FOXP3,Regulon(YY1(+)),0.4198759843337593
4418,Trm-Exh4_TOX2,Regulon(IRF4(+)),0.418842444879723
6454,Trm3_TGFBR2,Regulon(POU5F1(+)),0.4180923074252425
4961,Trm-Prog1_ZNF683,Regulon(TBX21(+)),0.4180227709364598
1694,Tcm1_ANXA1,Regulon(IRF3(+)),0.4171099065984195
2436,Tem_GNLY,Regulon(GATA6(+)),0.4165482355058226
5063,Trm-Prog2_XCL1,Regulon(ATF1(+)),0.41618818566970595
6414,Trm3_TGFBR2,Regulon(NF1(+)),0.41605286365576494
5103,Trm-Prog2_XCL1,Regulon(DDIT3(+)),0.41504156711458484
6481,Trm3_TGFBR2,Regulon(RUNX3(+)),0.41491037886541937
2472,Tem_GNLY,Regulon(IRF3(+)),0.41490558556044244
4988,Trm-Prog1_ZNF683,Regulon(YBX1(+)),0.41454636648101645
3830,Trm-Exh2_CXCL13,Regulon(ZEB1(+)),0.41425428591310615
4802,Trm-Prog1_ZNF683,Regulon(IKZF1(+)),0.4127482562236643
4534,Trm-Exh4_TOX2,Regulon(RUNX1(+)),0.41257475064871557
1595,Tcm1_ANXA1,Regulon(CREM(+)),0.41224263950933593
143,Cycling-G2/M_TOP2A,Regulon(IRF9(+)),0.411764440971141
17,Cycling-G2/M_TOP2A,Regulon(BCLAF1(+)),0.4106633789851135
4773,Trm-Prog1_ZNF683,Regulon(GSC(+)),0.410298467144894
6260,Trm3_TGFBR2,Regulon(CREB3(+)),0.40952703126136636
5197,Trm-Prog2_XCL1,Regulon(IRF5(+)),0.40918419264079064
6398,Trm3_TGFBR2,Regulon(MEF2C(+)),0.4086208256269842
4830,Trm-Prog1_ZNF683,Regulon(KLF9(+)),0.4078253356081819
2069,Tcm2_IL7R,Regulon(HOXA4(+)),0.4071704919708956
5842,Trm2_TNFSF9,Regulon(ATF3(+)),0.4066732578297074
6293,Trm3_TGFBR2,Regulon(ESR1(+)),0.40629068439575783
4959,Trm-Prog1_ZNF683,Regulon(TAF7(+)),0.40602310858257634
523,Cycling-S_MCM7,Regulon(IKZF1(+)),0.4054764887533385
3688,Trm-Exh2_CXCL13,Regulon(MYC(+)),0.4045488851875005
4283,Trm-Exh4_TOX2,Regulon(ASCL1(+)),0.4028756876677425
5349,Trm-Prog2_XCL1,Regulon(TBP(+)),0.40144437935589683
6603,Trm3_TGFBR2,Regulon(ZNF766(+)),0.40023168813886045
6575,Trm3_TGFBR2,Regulon(ZNF358(+)),0.39999074648422006
3538,Trm-Exh2_CXCL13,Regulon(CREB3L2(+)),0.39979427702896103
3609,Trm-Exh2_CXCL13,Regulon(HDAC2(+)),0.39977733144828187
6428,Trm3_TGFBR2,Regulon(NKX3-1(+)),0.3989895211247948
526,Cycling-S_MCM7,Regulon(IRF2(+)),0.3987915066323946
4816,Trm-Prog1_ZNF683,Regulon(JUND(+)),0.39845591081781184
6529,Trm3_TGFBR2,Regulon(TFCP2L1(+)),0.3973558551048645
2831,Treg_FOXP3,Regulon(HDAC2(+)),0.39689666052856176
6490,Trm3_TGFBR2,Regulon(SMAD2(+)),0.3967067062831189
6281,Trm3_TGFBR2,Regulon(EGR3(+)),0.3966177866476553
2230,Tcm2_IL7R,Regulon(STAT1(+)),0.3949409351861486
6258,Trm3_TGFBR2,Regulon(CPEB1(+)),0.3943948254625995
600,Cycling-S_MCM7,Regulon(NR3C1(+)),0.3940043823773479
1213,Tc17_CEBPD,Regulon(DDIT3(+)),0.393934232039101
2393,Tem_GNLY,Regulon(ELF2(+)),0.39380537255668496
329,Cycling-G2/M_TOP2A,Regulon(ZEB1(+)),0.39378412224020887
4033,Trm-Exh3_CCL4,Regulon(IRF9(+)),0.39296142222946967
3703,Trm-Exh2_CXCL13,Regulon(NFYC(+)),0.3928469045754704
2502,Tem_GNLY,Regulon(MAFF(+)),0.3925906280076014
4601,Trm-Exh4_TOX2,Regulon(YY1(+)),0.3916853293573628
4608,Trm-Exh4_TOX2,Regulon(ZEB1(+)),0.3915539605368575
4726,Trm-Prog1_ZNF683,Regulon(ELF1(+)),0.3914725849225634
6497,Trm3_TGFBR2,Regulon(SOX4(+)),0.39114655368719986
6455,Trm3_TGFBR2,Regulon(POU5F1B(+)),0.39057185074949785
4055,Trm-Exh3_CCL4,Regulon(LHX4(+)),0.3902906453992383
6364,Trm3_TGFBR2,Regulon(IRF5(+)),0.3901828564188086
1811,Tcm1_ANXA1,Regulon(RUNX1(+)),0.38957129766862686
1843,Tcm1_ANXA1,Regulon(STAT3(+)),0.3875635077554674
539,Cycling-S_MCM7,Regulon(KDM5A(+)),0.38677454926329374
6553,Trm3_TGFBR2,Regulon(ZEB1(+)),0.38668405686689616
4699,Trm-Prog1_ZNF683,Regulon(CHD2(+)),0.38643206254948315
1846,Tcm1_ANXA1,Regulon(TAF1(+)),0.38570641911855774
4576,Trm-Exh4_TOX2,Regulon(TCF7(+)),0.38535977703676705
1651,Tcm1_ANXA1,Regulon(FOXP1(+)),0.3853555450902786
3998,Trm-Exh3_CCL4,Regulon(HDAC2(+)),0.3842306539480253
1229,Tc17_CEBPD,Regulon(ELK1(+)),0.38385713351971257
4077,Trm-Exh3_CCL4,Regulon(MYC(+)),0.3837285102230142
2660,Tem_GNLY,Regulon(ZBTB7A(+)),0.38340507645918004
6019,Trm2_TNFSF9,Regulon(MTF1(+)),0.38312553924789433
5788,Trm1_GZMH,Regulon(ZNF23(+)),0.3830235425060519
2126,Tcm2_IL7R,Regulon(MSC(+)),0.38293348028185753
1719,Tcm1_ANXA1,Regulon(LEF1(+)),0.38203019187665976
4675,Trm-Prog1_ZNF683,Regulon(ATF3(+)),0.3799245068567719
209,Cycling-G2/M_TOP2A,Regulon(NR2C2(+)),0.37989061409967495
4114,Trm-Exh3_CCL4,Regulon(POLR2A(+)),0.37937627428772003
3149,Trm-Exh1_VCAM1,Regulon(CREB3L2(+)),0.37919366745798033
4420,Trm-Exh4_TOX2,Regulon(IRF7(+)),0.3781860372907001
6410,Trm3_TGFBR2,Regulon(MYB(+)),0.3773021951672455
4814,Trm-Prog1_ZNF683,Regulon(JUN(+)),0.3767574194816343
6489,Trm3_TGFBR2,Regulon(SMAD1(+)),0.3764457823424915
3009,Treg_FOXP3,Regulon(STAT2(+)),0.37596411193492796
537,Cycling-S_MCM7,Regulon(JUND(+)),0.3749699075927837
3774,Trm-Exh2_CXCL13,Regulon(SOX4(+)),0.37475160258311196
6307,Trm3_TGFBR2,Regulon(FOSL2(+)),0.37470210901598894
4360,Trm-Exh4_TOX2,Regulon(FOSB(+)),0.3739954443286782
4403,Trm-Exh4_TOX2,Regulon(HOXA4(+)),0.37325528272361325
4434,Trm-Exh4_TOX2,Regulon(KLF2(+)),0.37316503467371376
448,Cycling-S_MCM7,Regulon(ELF2(+)),0.3731333078329683
6442,Trm3_TGFBR2,Regulon(PBX1(+)),0.37204819230416497
2467,Tem_GNLY,Regulon(HSF1(+)),0.3715074481480884
2197,Tcm2_IL7R,Regulon(RORC(+)),0.3712938222802007
6250,Trm3_TGFBR2,Regulon(CD59(+)),0.37006079859242474
6480,Trm3_TGFBR2,Regulon(RUNX2(+)),0.36886419673584453
6404,Trm3_TGFBR2,Regulon(MLXIP(+)),0.3687093982374318
6227,Trm3_TGFBR2,Regulon(ARNT2(+)),0.3686336734818631
2674,Tem_GNLY,Regulon(ZNF205(+)),0.36729661590374446
4685,Trm-Prog1_ZNF683,Regulon(BCLAF1(+)),0.36665990268319404
1813,Tcm1_ANXA1,Regulon(RUNX3(+)),0.3666376266007854
4205,Trm-Exh3_CCL4,Regulon(UBTF(+)),0.36657567774292027
1328,Tc17_CEBPD,Regulon(KLF8(+)),0.36548026429673514
6368,Trm3_TGFBR2,Regulon(JAZF1(+)),0.36539360346575506
6531,Trm3_TGFBR2,Regulon(TFDP2(+)),0.36534539171972985
1323,Tc17_CEBPD,Regulon(KLF3(+)),0.36489927681757073
5665,Trm1_GZMH,Regulon(PBX3(+)),0.3644031946403295
4,Cycling-G2/M_TOP2A,Regulon(ASCL1(+)),0.36342346163678174
4435,Trm-Exh4_TOX2,Regulon(KLF3(+)),0.3608895511803793
4004,Trm-Exh3_CCL4,Regulon(HIC1(+)),0.3607135204034228
4316,Trm-Exh4_TOX2,Regulon(CREB3L2(+)),0.36068646977911917
6262,Trm3_TGFBR2,Regulon(CREBL2(+)),0.360651498510832
247,Cycling-G2/M_TOP2A,Regulon(RFX5(+)),0.3600607340513893
1285,Tc17_CEBPD,Regulon(HLF(+)),0.35945885347785317
3961,Trm-Exh3_CCL4,Regulon(ETS1(+)),0.3592145397306944
1795,Tcm1_ANXA1,Regulon(RB1(+)),0.35908648751551575
5790,Trm1_GZMH,Regulon(ZNF235(+)),0.35837494914556756
6573,Trm3_TGFBR2,Regulon(ZNF341(+)),0.3580785771304593
1458,Tc17_CEBPD,Regulon(TAF7(+)),0.35789853982660835
4036,Trm-Exh3_CCL4,Regulon(JUN(+)),0.3567079241373979
1452,Tc17_CEBPD,Regulon(STAT1(+)),0.3561917453310804
6225,Trm3_TGFBR2,Regulon(AR(+)),0.3558715361972046
5078,Trm-Prog2_XCL1,Regulon(BPTF(+)),0.3556919787069016
3513,Trm-Exh2_CXCL13,Regulon(BACH2(+)),0.3554950303013775
3249,Trm-Exh1_VCAM1,Regulon(IRF2(+)),0.35522567117923703
2604,Tem_GNLY,Regulon(SMARCC2(+)),0.354999217687575
3300,Trm-Exh1_VCAM1,Regulon(MYOD1(+)),0.35490226071828535
6397,Trm3_TGFBR2,Regulon(MEF2B(+)),0.3547650745328427
4569,Trm-Exh4_TOX2,Regulon(TAF1(+)),0.3542474904418234
5925,Trm2_TNFSF9,Regulon(FOXK2(+)),0.35416954143165313
4477,Trm-Exh4_TOX2,Regulon(NFKB1(+)),0.35343907165903804
4047,Trm-Exh3_CCL4,Regulon(KLF4(+)),0.3527862880365646
4319,Trm-Exh4_TOX2,Regulon(CRX(+)),0.3526692678399807
5447,Trm1_GZMH,Regulon(AR(+)),0.3525295120847705
6597,Trm3_TGFBR2,Regulon(ZNF611(+)),0.3511198123697657
352,Cycling-G2/M_TOP2A,Regulon(ZNF362(+)),0.3490858482899387
5699,Trm1_GZMH,Regulon(RPP25(+)),0.34869992495473234
4861,Trm-Prog1_ZNF683,Regulon(NFE2L2(+)),0.3480139333176214
1246,Tc17_CEBPD,Regulon(FLI1(+)),0.3478488883715031
2079,Tcm2_IL7R,Regulon(IKZF1(+)),0.34778247532203177
3572,Trm-Exh2_CXCL13,Regulon(ETS1(+)),0.3473075475688757
1623,Tcm1_ANXA1,Regulon(EP300(+)),0.34647496476985284
2058,Tcm2_IL7R,Regulon(HEY2(+)),0.346386320181037
5219,Trm-Prog2_XCL1,Regulon(KLF9(+)),0.346348024420969
4739,Trm-Prog1_ZNF683,Regulon(ETS1(+)),0.34478983229482585
2353,Tem_GNLY,Regulon(BHLHE40(+)),0.34466566625261835
5148,Trm-Prog2_XCL1,Regulon(FOXN2(+)),0.3446207588466969
6320,Trm3_TGFBR2,Regulon(FOXP2(+)),0.34450662585172026
1677,Tcm1_ANXA1,Regulon(HMX3(+)),0.3439493450963266
1871,Tcm1_ANXA1,Regulon(UBTF(+)),0.34339715838658436
2656,Tem_GNLY,Regulon(YY1(+)),0.34308801989507537
3577,Trm-Exh2_CXCL13,Regulon(ETV5(+)),0.3424411419620384
4445,Trm-Exh4_TOX2,Regulon(MAF(+)),0.3423497757700945
2184,Tcm2_IL7R,Regulon(RB1(+)),0.34198910008929134
527,Cycling-S_MCM7,Regulon(IRF3(+)),0.3415633588176926
1533,Tc17_CEBPD,Regulon(ZNF528(+)),0.34131666388401394
395,Cycling-S_MCM7,Regulon(ATF1(+)),0.33961051390788727
3441,Trm-Exh1_VCAM1,Regulon(ZEB1(+)),0.3380616680594108
854,IRG_ISG15,Regulon(ETV5(+)),0.33681522783994405
4300,Trm-Exh4_TOX2,Regulon(BPTF(+)),0.3363763234296345
6375,Trm3_TGFBR2,Regulon(KLF10(+)),0.335287847202277
3789,Trm-Exh2_CXCL13,Regulon(STAT5A(+)),0.33521592296603353
921,IRG_ISG15,Regulon(IRF9(+)),0.3342779192467174
388,Cycling-G2/M_TOP2A,Regulon(ZSCAN2(+)),0.3339919008640063
347,Cycling-G2/M_TOP2A,Regulon(ZNF274(+)),0.3337237996674938
4531,Trm-Exh4_TOX2,Regulon(RORC(+)),0.3325441615493046
4836,Trm-Prog1_ZNF683,Regulon(MAFF(+)),0.3318673716657755
3948,Trm-Exh3_CCL4,Regulon(ELF1(+)),0.3314536504338925
6557,Trm3_TGFBR2,Regulon(ZHX3(+)),0.3313057173591377
1560,Tcm1_ANXA1,Regulon(ASCL1(+)),0.33114898524366904
4791,Trm-Prog1_ZNF683,Regulon(HOXA10(+)),0.3309994696688774
2979,Treg_FOXP3,Regulon(RUNX2(+)),0.32996669223809977
4494,Trm-Exh4_TOX2,Regulon(OSR2(+)),0.3297685806776264
3892,Trm-Exh3_CCL4,Regulon(ARID3A(+)),0.3295047191072121
5927,Trm2_TNFSF9,Regulon(FOXN3(+)),0.32881488480303805
4262,Trm-Exh3_CCL4,Regulon(ZNF607(+)),0.32845696211110936
508,Cycling-S_MCM7,Regulon(HMGA1(+)),0.3278998007710477
4818,Trm-Prog1_ZNF683,Regulon(KDM5A(+)),0.32741525275605543
4572,Trm-Exh4_TOX2,Regulon(TBX21(+)),0.327344720033338
1607,Tcm1_ANXA1,Regulon(E2F4(+)),0.32660038271142783
1963,Tcm2_IL7R,Regulon(BDP1(+)),0.32646061588368774
407,Cycling-S_MCM7,Regulon(BDP1(+)),0.3260577706312593
2536,Tem_GNLY,Regulon(NFYC(+)),0.3258330487812156
1360,Tc17_CEBPD,Regulon(NFE2L2(+)),0.3257859797805544
777,Cycling-S_MCM7,Regulon(ZSCAN2(+)),0.3253838823142928
4824,Trm-Prog1_ZNF683,Regulon(KLF3(+)),0.32534763774517006
1315,Tc17_CEBPD,Regulon(JUND(+)),0.3249101265526534
6389,Trm3_TGFBR2,Regulon(LHX4(+)),0.3248916062393566
385,Cycling-G2/M_TOP2A,Regulon(ZNF84(+)),0.32417379085616044
3666,Trm-Exh2_CXCL13,Regulon(LHX4(+)),0.32355085089131974
4359,Trm-Exh4_TOX2,Regulon(FOS(+)),0.32344944786401225
3440,Trm-Exh1_VCAM1,Regulon(ZC3H7A(+)),0.3232929074642603
2625,Tem_GNLY,Regulon(TAF7(+)),0.32309585649100037
1352,Tc17_CEBPD,Regulon(MXI1(+)),0.32297814623916277
2338,Tem_GNLY,Regulon(ASCL1(+)),0.3220732324350367
5615,Trm1_GZMH,Regulon(MAFG(+)),0.3220165083543695
2509,Tem_GNLY,Regulon(MEF2D(+)),0.3217060561535008
3893,Trm-Exh3_CCL4,Regulon(ARNT2(+)),0.32165444726819936
5946,Trm2_TNFSF9,Regulon(HES4(+)),0.3210058978213763
3532,Trm-Exh2_CXCL13,Regulon(CHD2(+)),0.3185474331709847
35,Cycling-G2/M_TOP2A,Regulon(CREB1(+)),0.31841964715971727
2708,Tem_GNLY,Regulon(ZNF658(+)),0.3183160945328424
5717,Trm1_GZMH,Regulon(SNAI1(+)),0.31815790297261315
1606,Tcm1_ANXA1,Regulon(E2F3(+)),0.31741562819368263
393,Cycling-S_MCM7,Regulon(ASCL1(+)),0.3171694171274652
6548,Trm3_TGFBR2,Regulon(ZBTB14(+)),0.31696884980866047
4731,Trm-Prog1_ZNF683,Regulon(ELK3(+)),0.3159973314849298
2225,Tcm2_IL7R,Regulon(SP6(+)),0.3153749999135181
6335,Trm3_TGFBR2,Regulon(HES4(+)),0.3153721733441295
4945,Trm-Prog1_ZNF683,Regulon(SP2(+)),0.3153322999209491
2730,Treg_FOXP3,Regulon(ATF3(+)),0.31531217322098765
3814,Trm-Exh2_CXCL13,Regulon(TP73(+)),0.31522672741524194
5540,Trm1_GZMH,Regulon(FOXO3(+)),0.31495331284362754
2760,Treg_FOXP3,Regulon(CREB3L2(+)),0.31476334998253647
3873,Trm-Exh2_CXCL13,Regulon(ZNF607(+)),0.31473543976931584
2189,Tcm2_IL7R,Regulon(REST(+)),0.31455388919673577
2874,Treg_FOXP3,Regulon(KLF10(+)),0.31394536080486063
741,Cycling-S_MCM7,Regulon(ZNF362(+)),0.3136728802027884
2319,Tcm2_IL7R,Regulon(ZNF658(+)),0.3126207727568021
5694,Trm1_GZMH,Regulon(RFX8(+)),0.3122414512145583
4087,Trm-Exh3_CCL4,Regulon(NFIL3(+)),0.31207053530113404
2624,Tem_GNLY,Regulon(TAF1(+)),0.311669003870085
4064,Trm-Exh3_CCL4,Regulon(MEF2C(+)),0.311386403561608
4053,Trm-Exh3_CCL4,Regulon(LEF1(+)),0.3105056750572613
4891,Trm-Prog1_ZNF683,Regulon(POLE4(+)),0.3095169083538338
2342,Tem_GNLY,Regulon(ATF4(+)),0.30890534202577974
2596,Tem_GNLY,Regulon(SIN3A(+)),0.30824529365458975
2962,Treg_FOXP3,Regulon(RB1(+)),0.3082384866610993
3868,Trm-Exh2_CXCL13,Regulon(ZNF568(+)),0.3079979217989591
6248,Trm3_TGFBR2,Regulon(BRF2(+)),0.3078383716180347
1372,Tc17_CEBPD,Regulon(NPAS2(+)),0.30635395829080625
4673,Trm-Prog1_ZNF683,Regulon(ASCL2(+)),0.3057555193111094
139,Cycling-G2/M_TOP2A,Regulon(IRF4(+)),0.30514074855130535
2012,Tcm2_IL7R,Regulon(EP300(+)),0.3050772227671746
6609,Trm3_TGFBR2,Regulon(ZNF84(+)),0.30423139289587625
6538,Trm3_TGFBR2,Regulon(TRIM28(+)),0.30401818015781484
5330,Trm-Prog2_XCL1,Regulon(SOX4(+)),0.30398156918042013
5062,Trm-Prog2_XCL1,Regulon(ASCL2(+)),0.3039067452791607
441,Cycling-S_MCM7,Regulon(E2F6(+)),0.3038123495254242
4130,Trm-Exh3_CCL4,Regulon(RBBP5(+)),0.30363574628772394
6308,Trm3_TGFBR2,Regulon(FOXB1(+)),0.303504160235823
2215,Tcm2_IL7R,Regulon(SMARCC2(+)),0.30332833583551755
1270,Tc17_CEBPD,Regulon(GLIS3(+)),0.30331415844275034
2132,Tcm2_IL7R,Regulon(MYC(+)),0.3026481937922212
6402,Trm3_TGFBR2,Regulon(MIOS(+)),0.30259465820424214
2589,Tem_GNLY,Regulon(RUNX1(+)),0.3013250017181584
5327,Trm-Prog2_XCL1,Regulon(SMARCC2(+)),0.30037926992846387
4912,Trm-Prog1_ZNF683,Regulon(REST(+)),0.300062534342137
2836,Treg_FOXP3,Regulon(HEY2(+)),0.29981992242184896
6518,Trm3_TGFBR2,Regulon(TBX6(+)),0.29932171309359024
5802,Trm1_GZMH,Regulon(ZNF425(+)),0.29901917690100066
5259,Trm-Prog2_XCL1,Regulon(NFYC(+)),0.29887985844353804
4597,Trm-Exh4_TOX2,Regulon(VEZF1(+)),0.29866765438610937
4727,Trm-Prog1_ZNF683,Regulon(ELF2(+)),0.29856631637885916
5974,Trm2_TNFSF9,Regulon(IRF4(+)),0.29831151761077207
6339,Trm3_TGFBR2,Regulon(HINFP(+)),0.2981632187019473
4839,Trm-Prog1_ZNF683,Regulon(MAX(+)),0.29806597742460317
5065,Trm-Prog2_XCL1,Regulon(ATF4(+)),0.2973383851274086
681,Cycling-S_MCM7,Regulon(TBP(+)),0.2968665983556571
5544,Trm1_GZMH,Regulon(FOXP4(+)),0.2968279571438133
2832,Treg_FOXP3,Regulon(HES1(+)),0.2966929009372303
6381,Trm3_TGFBR2,Regulon(KLF4(+)),0.29667703116916594
1013,IRG_ISG15,Regulon(PSMD12(+)),0.2955076220779184
2181,Tcm2_IL7R,Regulon(RAD21(+)),0.29516844391087543
2093,Tcm2_IL7R,Regulon(JUND(+)),0.2942117755735432
6610,Trm3_TGFBR2,Regulon(ZNF85(+)),0.29392521889279355
51,Cycling-G2/M_TOP2A,Regulon(E2F4(+)),0.29376453163536154
4444,Trm-Exh4_TOX2,Regulon(LHX4(+)),0.29351370670226656
5649,Trm1_GZMH,Regulon(NKX2-3(+)),0.2933967120376708
2157,Tcm2_IL7R,Regulon(NR3C2(+)),0.2926844178510118
1055,IRG_ISG15,Regulon(SP2(+)),0.29190654962495094
211,Cycling-G2/M_TOP2A,Regulon(NR3C1(+)),0.2908630321549273
6391,Trm3_TGFBR2,Regulon(MAFB(+)),0.2903723180518556
4806,Trm-Prog1_ZNF683,Regulon(IRF3(+)),0.29004896858497425
4031,Trm-Exh3_CCL4,Regulon(IRF7(+)),0.29004290868550486
6177,Trm2_TNFSF9,Regulon(ZNF23(+)),0.28974383433232015
4181,Trm-Exh3_CCL4,Regulon(TAF7(+)),0.28955032795560703
2199,Tcm2_IL7R,Regulon(RREB1(+)),0.2892679883590416
5288,Trm-Prog2_XCL1,Regulon(POU5F1B(+)),0.2888010991831454
6328,Trm3_TGFBR2,Regulon(GMEB2(+)),0.2883714670219438
2823,Treg_FOXP3,Regulon(GABPB1(+)),0.28830277764258594
3190,Trm-Exh1_VCAM1,Regulon(ETV7(+)),0.28815117998480555
4070,Trm-Exh3_CCL4,Regulon(MLXIP(+)),0.288048245141287
6503,Trm3_TGFBR2,Regulon(SP4(+)),0.2876525021882475
3680,Trm-Exh2_CXCL13,Regulon(MLX(+)),0.2863003262582684
2666,Tem_GNLY,Regulon(ZFY(+)),0.28608706099455355
146,Cycling-G2/M_TOP2A,Regulon(JUN(+)),0.28601370353890154
1059,IRG_ISG15,Regulon(SPI1(+)),0.28536050358755155
5787,Trm1_GZMH,Regulon(ZNF215(+)),0.28452580848060727
5642,Trm1_GZMH,Regulon(NFIB(+)),0.28450590720678415
6054,Trm2_TNFSF9,Regulon(PBX3(+)),0.2841162086376214
6475,Trm3_TGFBR2,Regulon(RORB(+)),0.28402209391880967
1878,Tcm1_ANXA1,Regulon(YY1(+)),0.2838327954166158
5352,Trm-Prog2_XCL1,Regulon(TCF12(+)),0.28358564975327927
303,Cycling-G2/M_TOP2A,Regulon(TFAP4(+)),0.2833850513902003
4139,Trm-Exh3_CCL4,Regulon(RFXANK(+)),0.2833684499841137
1348,Tc17_CEBPD,Regulon(MSC(+)),0.2831922071603219
1483,Tc17_CEBPD,Regulon(USF1(+)),0.281800723195799
380,Cycling-G2/M_TOP2A,Regulon(ZNF771(+)),0.281667493339696
292,Cycling-G2/M_TOP2A,Regulon(TBP(+)),0.28143966572912876
5800,Trm1_GZMH,Regulon(ZNF415(+)),0.28115945902518125
1466,Tc17_CEBPD,Regulon(TEAD3(+)),0.28075084892103963
3251,Trm-Exh1_VCAM1,Regulon(IRF4(+)),0.2796276898701192
5128,Trm-Prog2_XCL1,Regulon(ETS1(+)),0.2793575856892071
6407,Trm3_TGFBR2,Regulon(MSX2(+)),0.27918138621530114
223,Cycling-G2/M_TOP2A,Regulon(POLE4(+)),0.2790558236864655
100,Cycling-G2/M_TOP2A,Regulon(GABPB1(+)),0.27873073201546417
3921,Trm-Exh3_CCL4,Regulon(CHD2(+)),0.27789159784639544
6330,Trm3_TGFBR2,Regulon(GSC2(+)),0.2775255276532277
5773,Trm1_GZMH,Regulon(ZBTB7B(+)),0.27741071714593357
4309,Trm-Exh4_TOX2,Regulon(CERS2(+)),0.2773152842290957
5166,Trm-Prog2_XCL1,Regulon(HES1(+)),0.27719124044261256
6001,Trm2_TNFSF9,Regulon(MAF(+)),0.27706838367926767
6004,Trm2_TNFSF9,Regulon(MAFG(+)),0.2766280263410522
3816,Trm-Exh2_CXCL13,Regulon(UBTF(+)),0.2762681514918643
3792,Trm-Exh2_CXCL13,Regulon(TAF7(+)),0.27599059999925385
6604,Trm3_TGFBR2,Regulon(ZNF771(+)),0.2758221643997932
1487,Tc17_CEBPD,Regulon(YBX1(+)),0.27564236812236065
471,Cycling-S_MCM7,Regulon(FOSL1(+)),0.27536572034540746
1944,Tcm1_ANXA1,Regulon(ZSCAN2(+)),0.27399976308076757
2447,Tem_GNLY,Regulon(HEY2(+)),0.27391962072564824
4787,Trm-Prog1_ZNF683,Regulon(HMGA1(+)),0.2736705701070286
4686,Trm-Prog1_ZNF683,Regulon(BDP1(+)),0.2727224706072186
2050,Tcm2_IL7R,Regulon(GSC(+)),0.27261383385192034
5232,Trm-Prog2_XCL1,Regulon(MEF2D(+)),0.27235617488295444
1847,Tcm1_ANXA1,Regulon(TAF7(+)),0.272225921880242
4689,Trm-Prog1_ZNF683,Regulon(BPTF(+)),0.27164489924900387
6608,Trm3_TGFBR2,Regulon(ZNF837(+)),0.27149284897044645
1006,IRG_ISG15,Regulon(POU2F2(+)),0.2714563756729069
6578,Trm3_TGFBR2,Regulon(ZNF415(+)),0.2713758363910083
4028,Trm-Exh3_CCL4,Regulon(IRF3(+)),0.2713223898678801
4849,Trm-Prog1_ZNF683,Regulon(MSC(+)),0.2711491936452042
4056,Trm-Exh3_CCL4,Regulon(MAF(+)),0.2707279245298249
1735,Tcm1_ANXA1,Regulon(MLX(+)),0.2705830439924669
5435,Trm-Prog2_XCL1,Regulon(ZNF76(+)),0.27038399978178873
4965,Trm-Prog1_ZNF683,Regulon(TCF7(+)),0.27007061845106245
3579,Trm-Exh2_CXCL13,Regulon(ETV7(+)),0.2699424857778953
4426,Trm-Exh4_TOX2,Regulon(JUNB(+)),0.26974757038386127
5335,Trm-Prog2_XCL1,Regulon(SP3(+)),0.26934324019941536
4765,Trm-Prog1_ZNF683,Regulon(FOXP3(+)),0.26932824710529624
1601,Tcm1_ANXA1,Regulon(DBX1(+)),0.26872604380822873
5571,Trm1_GZMH,Regulon(HOXB13(+)),0.2686936954101922
1406,Tc17_CEBPD,Regulon(RB1(+)),0.26841833871776144
1329,Tc17_CEBPD,Regulon(KLF9(+)),0.26841495053500636
4804,Trm-Prog1_ZNF683,Regulon(IRF1(+)),0.2681059113579272
1808,Tcm1_ANXA1,Regulon(RORC(+)),0.26790401257205104
2848,Treg_FOXP3,Regulon(HOXB13(+)),0.26773366831084394
1334,Tc17_CEBPD,Regulon(MAFB(+)),0.26734955159451307
4152,Trm-Exh3_CCL4,Regulon(SIN3A(+)),0.2671930551846962
5109,Trm-Prog2_XCL1,Regulon(E2F6(+)),0.2667247199585689
4503,Trm-Exh4_TOX2,Regulon(POLR2A(+)),0.2663840773003515
2686,Tem_GNLY,Regulon(ZNF362(+)),0.2663419943835511
1689,Tcm1_ANXA1,Regulon(HSF1(+)),0.2654943980976323
560,Cycling-S_MCM7,Regulon(MAX(+)),0.2653973403648806
3647,Trm-Exh2_CXCL13,Regulon(JUN(+)),0.26524943490356867
970,IRG_ISG15,Regulon(NFE2L1(+)),0.2650031644975675
3649,Trm-Exh2_CXCL13,Regulon(JUND(+)),0.2649559089981183
696,Cycling-S_MCM7,Regulon(TFDP2(+)),0.2638602897366687
2841,Treg_FOXP3,Regulon(HLF(+)),0.2638042908601091
2048,Tcm2_IL7R,Regulon(GLIS3(+)),0.2637138204267102
2401,Tem_GNLY,Regulon(EP300(+)),0.2635491508116509
33,Cycling-G2/M_TOP2A,Regulon(CNOT3(+)),0.26306909610615165
2690,Tem_GNLY,Regulon(ZNF425(+)),0.26239408235890443
3907,Trm-Exh3_CCL4,Regulon(BCLAF1(+)),0.2615729027461656
5224,Trm-Prog2_XCL1,Regulon(MAFB(+)),0.26117580511157
4589,Trm-Exh4_TOX2,Regulon(TGIF2(+)),0.26112396262980025
2373,Tem_GNLY,Regulon(CREM(+)),0.2606983162396901
5679,Trm1_GZMH,Regulon(PPARA(+)),0.26066620300029025
4605,Trm-Exh4_TOX2,Regulon(ZBTB7A(+)),0.25991074066912256
2872,Treg_FOXP3,Regulon(KDM4B(+)),0.2594634853270846
2370,Tem_GNLY,Regulon(CREB3(+)),0.25941559609107356
4541,Trm-Exh4_TOX2,Regulon(SIN3A(+)),0.25941029689234996
840,IRG_ISG15,Regulon(ELK1(+)),0.2587651875072159
6487,Trm3_TGFBR2,Regulon(SIX3(+)),0.2587482160755011
4453,Trm-Exh4_TOX2,Regulon(MEF2C(+)),0.2583668569018798
4172,Trm-Exh3_CCL4,Regulon(SREBF1(+)),0.25790250523374836
2941,Treg_FOXP3,Regulon(PBX1(+)),0.25785416692296587
4549,Trm-Exh4_TOX2,Regulon(SMARCC2(+)),0.25755656821674233
3254,Trm-Exh1_VCAM1,Regulon(IRF8(+)),0.25709316274486826
3559,Trm-Exh2_CXCL13,Regulon(ELF1(+)),0.25652042382846285
5372,Trm-Prog2_XCL1,Regulon(UBTF(+)),0.25629652119824614
1709,Tcm1_ANXA1,Regulon(KLF13(+)),0.2553648933509012
4735,Trm-Prog1_ZNF683,Regulon(EP300(+)),0.25533520786708774
6434,Trm3_TGFBR2,Regulon(NR2F6(+)),0.25530115795785707
5557,Trm1_GZMH,Regulon(HES4(+)),0.2552644298681766
6605,Trm3_TGFBR2,Regulon(ZNF772(+)),0.25523663429969135
4595,Trm-Exh4_TOX2,Regulon(USF1(+)),0.2548449564951396
1060,IRG_ISG15,Regulon(SREBF1(+)),0.2545000801076684
3658,Trm-Exh2_CXCL13,Regulon(KLF4(+)),0.25382286145043553
3900,Trm-Exh3_CCL4,Regulon(ATF6B(+)),0.25305989510946947
4334,Trm-Exh4_TOX2,Regulon(EGR1(+)),0.25285148350949244
2083,Tcm2_IL7R,Regulon(IRF3(+)),0.2527775594726073
2614,Tem_GNLY,Regulon(SP6(+)),0.25264630257065274
6038,Trm2_TNFSF9,Regulon(NKX2-3(+)),0.25174748247058765
5417,Trm-Prog2_XCL1,Regulon(ZNF460(+)),0.25133830926161144
4226,Trm-Exh3_CCL4,Regulon(ZNF143(+)),0.2502796312753115
29,Cycling-G2/M_TOP2A,Regulon(CEBPG(+)),0.24919936023532652
5681,Trm1_GZMH,Regulon(PSMD12(+)),0.2490451690114532
2091,Tcm2_IL7R,Regulon(JUN(+)),0.24870632994439493
410,Cycling-S_MCM7,Regulon(BPTF(+)),0.24811907654100135
5427,Trm-Prog2_XCL1,Regulon(ZNF592(+)),0.24811854343719053
1825,Tcm1_ANXA1,Regulon(SMARCA5(+)),0.2477390937537795
422,Cycling-S_MCM7,Regulon(CNOT3(+)),0.24772768869371614
6574,Trm3_TGFBR2,Regulon(ZNF343(+)),0.2476049212824767
633,Cycling-S_MCM7,Regulon(REST(+)),0.24659667290732487
1731,Tcm1_ANXA1,Regulon(MEF2D(+)),0.24647682834559673
4197,Trm-Exh3_CCL4,Regulon(TFDP2(+)),0.2459781444454455
5674,Trm1_GZMH,Regulon(POU2F2(+)),0.24595782843149316
1978,Tcm2_IL7R,Regulon(CNOT3(+)),0.24595203478886085
3361,Trm-Exh1_VCAM1,Regulon(RFXANK(+)),0.24585464232014415
4910,Trm-Prog1_ZNF683,Regulon(RELA(+)),0.24569806580954975
1976,Tcm2_IL7R,Regulon(CHD2(+)),0.24565718335490597
3386,Trm-Exh1_VCAM1,Regulon(SOX5(+)),0.24513210118342754
6561,Trm3_TGFBR2,Regulon(ZNF181(+)),0.2446554889229115
4432,Trm-Exh4_TOX2,Regulon(KLF13(+)),0.24465053283541574
6342,Trm3_TGFBR2,Regulon(HLF(+)),0.24442951646455682
5823,Trm1_GZMH,Regulon(ZNF69(+)),0.244419743119792
1096,IRG_ISG15,Regulon(VEZF1(+)),0.24426400217928995
13,Cycling-G2/M_TOP2A,Regulon(BARX2(+)),0.24321293462379676
1121,IRG_ISG15,Regulon(ZNF234(+)),0.24305524264940037
3527,Trm-Exh2_CXCL13,Regulon(CD59(+)),0.242602507816479
2940,Treg_FOXP3,Regulon(PAX8(+)),0.24225012710028482
82,Cycling-G2/M_TOP2A,Regulon(FOSL1(+)),0.24175420335857273
2485,Tem_GNLY,Regulon(KLF10(+)),0.24170806732444683
4954,Trm-Prog1_ZNF683,Regulon(STAT2(+)),0.24158504858314725
6406,Trm3_TGFBR2,Regulon(MSX1(+)),0.24034771806875074
186,Cycling-G2/M_TOP2A,Regulon(MYB(+)),0.23959501402959496
3311,Trm-Exh1_VCAM1,Regulon(NFKB2(+)),0.23943157538239923
4585,Trm-Exh4_TOX2,Regulon(TFDP1(+)),0.23932803943964587
3286,Trm-Exh1_VCAM1,Regulon(MEF2C(+)),0.23799395569352425
21,Cycling-G2/M_TOP2A,Regulon(BPTF(+)),0.23729900463824277
3750,Trm-Exh2_CXCL13,Regulon(RFXANK(+)),0.23686042562785933
4676,Trm-Prog1_ZNF683,Regulon(ATF4(+)),0.2368398164338933
3725,Trm-Exh2_CXCL13,Regulon(POLR2A(+)),0.236742141754771
1826,Tcm1_ANXA1,Regulon(SMARCC2(+)),0.23645995334716435
1628,Tcm1_ANXA1,Regulon(ETS2(+)),0.23635955180208218
6119,Trm2_TNFSF9,Regulon(SRF(+)),0.23593792808888026
3518,Trm-Exh2_CXCL13,Regulon(BCLAF1(+)),0.2358957152927604
6056,Trm2_TNFSF9,Regulon(PITX1(+)),0.23581278194075742
1512,Tc17_CEBPD,Regulon(ZNF239(+)),0.23546820369693264
1770,Tcm1_ANXA1,Regulon(NRF1(+)),0.23545013486266586
2386,Tem_GNLY,Regulon(E2F6(+)),0.23405552224810422
5641,Trm1_GZMH,Regulon(NFIA(+)),0.23396276211161102
3007,Treg_FOXP3,Regulon(SRF(+)),0.233940314949497
3737,Trm-Exh2_CXCL13,Regulon(RAD21(+)),0.23365502614488493
2027,Tcm2_IL7R,Regulon(FOSL1(+)),0.2334433304422301
4040,Trm-Exh3_CCL4,Regulon(KDM5A(+)),0.23329169866830612
2022,Tcm2_IL7R,Regulon(ETV6(+)),0.2327694098251647
3775,Trm-Exh2_CXCL13,Regulon(SOX5(+)),0.23196886195170274
6106,Trm2_TNFSF9,Regulon(SNAI1(+)),0.2319530477298348
346,Cycling-G2/M_TOP2A,Regulon(ZNF263(+)),0.23192888578453544
5190,Trm-Prog2_XCL1,Regulon(HSF1(+)),0.2313636999015366
4743,Trm-Prog1_ZNF683,Regulon(ETV3(+)),0.23131346459053245
1242,Tc17_CEBPD,Regulon(ETV3(+)),0.23118605319554225
4866,Trm-Prog1_ZNF683,Regulon(NFKB1(+)),0.22997521615203725
1631,Tcm1_ANXA1,Regulon(ETV3(+)),0.22982209651674945
1962,Tcm2_IL7R,Regulon(BCLAF1(+)),0.22967157293354667
6555,Trm3_TGFBR2,Regulon(ZFP62(+)),0.2295411114790247
4907,Trm-Prog1_ZNF683,Regulon(RB1(+)),0.2295261415192329
3168,Trm-Exh1_VCAM1,Regulon(EGR2(+)),0.22943014967047518
3930,Trm-Exh3_CCL4,Regulon(CRX(+)),0.22939763885830453
5334,Trm-Prog2_XCL1,Regulon(SP2(+)),0.22922392905157024
3966,Trm-Exh3_CCL4,Regulon(ETV5(+)),0.22881719770731157
1301,Tc17_CEBPD,Regulon(IKZF1(+)),0.22877359397995015
2232,Tcm2_IL7R,Regulon(STAT3(+)),0.22876881261973694
1239,Tc17_CEBPD,Regulon(ETS2(+)),0.2277774926101773
3188,Trm-Exh1_VCAM1,Regulon(ETV5(+)),0.22772262739495808
5749,Trm1_GZMH,Regulon(TFAP4(+)),0.22767141356290999
6271,Trm3_TGFBR2,Regulon(DEAF1(+)),0.22752303976891436
6300,Trm3_TGFBR2,Regulon(ETV5(+)),0.22722729364925992
5654,Trm1_GZMH,Regulon(NR2C1(+)),0.2268785316018037
1391,Tc17_CEBPD,Regulon(POLR2A(+)),0.226841578280585
4990,Trm-Prog1_ZNF683,Regulon(YY1(+)),0.22670650282533739
3712,Trm-Exh2_CXCL13,Regulon(NR3C1(+)),0.22620374280468364
4374,Trm-Exh4_TOX2,Regulon(FOXP1(+)),0.22617698468125574
5489,Trm1_GZMH,Regulon(CTNNB1(+)),0.22612413911364831
6473,Trm3_TGFBR2,Regulon(RFXANK(+)),0.2259101321362802
2040,Tcm2_IL7R,Regulon(FOXP1(+)),0.22553784142982697
1966,Tcm2_IL7R,Regulon(BPTF(+)),0.2253929447188582
1697,Tcm1_ANXA1,Regulon(IRF7(+)),0.224927268205451
45,Cycling-G2/M_TOP2A,Regulon(DBX1(+)),0.22475064497600972
4187,Trm-Exh3_CCL4,Regulon(TCF7(+)),0.22380666492560575
5929,Trm2_TNFSF9,Regulon(FOXO3(+)),0.2234373797298896
4329,Trm-Exh4_TOX2,Regulon(E2F3(+)),0.2233485283183681
6083,Trm2_TNFSF9,Regulon(RFX8(+)),0.2229450208411842
1680,Tcm1_ANXA1,Regulon(HOXA4(+)),0.2220988331154829
3014,Treg_FOXP3,Regulon(TAF7(+)),0.22197244818434284
1563,Tcm1_ANXA1,Regulon(ATF3(+)),0.2211522543888925
5119,Trm-Prog2_XCL1,Regulon(ELK1(+)),0.22070623400057307
5169,Trm-Prog2_XCL1,Regulon(HEY1(+)),0.2204112466362749
6612,Trm3_TGFBR2,Regulon(ZSCAN2(+)),0.2201830331800189
1743,Tcm1_ANXA1,Regulon(MYC(+)),0.22012538384514221
3094,Treg_FOXP3,Regulon(ZNF597(+)),0.22008039893037856
1343,Tc17_CEBPD,Regulon(MEIS1(+)),0.21948154809444018
1453,Tc17_CEBPD,Regulon(STAT2(+)),0.21915536884054096
3421,Trm-Exh1_VCAM1,Regulon(TGIF1(+)),0.21883942811367604
3059,Treg_FOXP3,Regulon(ZNF143(+)),0.21848715179626577
2017,Tcm2_IL7R,Regulon(ETS2(+)),0.2184538358192714
5412,Trm-Prog2_XCL1,Regulon(ZNF420(+)),0.2175407891626224
148,Cycling-G2/M_TOP2A,Regulon(JUND(+)),0.2172141221062999
1153,IRG_ISG15,Regulon(ZNF66(+)),0.21718604238207223
2883,Treg_FOXP3,Regulon(KLF7(+)),0.21713949154086895
4358,Trm-Exh4_TOX2,Regulon(FLI1(+)),0.21692242269491363
434,Cycling-S_MCM7,Regulon(DBX1(+)),0.21683948016943214
3278,Trm-Exh1_VCAM1,Regulon(MAF(+)),0.21679292227071856
6191,Trm2_TNFSF9,Regulon(ZNF425(+)),0.2166865898063763
5933,Trm2_TNFSF9,Regulon(FOXP4(+)),0.21660837020761398
2622,Tem_GNLY,Regulon(STAT5A(+)),0.21658930846436783
4159,Trm-Exh3_CCL4,Regulon(SMARCA5(+)),0.21620142428878888
3333,Trm-Exh1_VCAM1,Regulon(PITX1(+)),0.21612332401321446
3511,Trm-Exh2_CXCL13,Regulon(ATF6B(+)),0.21594640403758142
4831,Trm-Prog1_ZNF683,Regulon(LEF1(+)),0.21557592620606564
5700,Trm1_GZMH,Regulon(RREB1(+)),0.21525196165294255
3484,Trm-Exh1_VCAM1,Regulon(ZNF607(+)),0.21524470442608387
1210,Tc17_CEBPD,Regulon(CTNNB1(+)),0.21480182262626177
4338,Trm-Exh4_TOX2,Regulon(ELF2(+)),0.214778177744352
6496,Trm3_TGFBR2,Regulon(SNAPC4(+)),0.2145130799542373
5233,Trm-Prog2_XCL1,Regulon(MEIS1(+)),0.21435759102431698
2036,Tcm2_IL7R,Regulon(FOXN2(+)),0.2142602879817485
4740,Trm-Prog1_ZNF683,Regulon(ETS2(+)),0.2141826563063412
4809,Trm-Prog1_ZNF683,Regulon(IRF7(+)),0.21350698827169323
722,Cycling-S_MCM7,Regulon(ZHX3(+)),0.2134833124746184
5160,Trm-Prog2_XCL1,Regulon(GLIS3(+)),0.21339944944397402
2928,Treg_FOXP3,Regulon(NPAS2(+)),0.2131763336002917
133,Cycling-G2/M_TOP2A,Regulon(HSF1(+)),0.21298384363084555
6378,Trm3_TGFBR2,Regulon(KLF16(+)),0.21283751256965394
1368,Tc17_CEBPD,Regulon(NFYB(+)),0.21271275301322728
702,Cycling-S_MCM7,Regulon(TP73(+)),0.21263431734891178
4458,Trm-Exh4_TOX2,Regulon(MLX(+)),0.21258419087724334
6482,Trm3_TGFBR2,Regulon(RXRA(+)),0.21228004019088656
2098,Tcm2_IL7R,Regulon(KLF13(+)),0.21174342409998917
4819,Trm-Prog1_ZNF683,Regulon(KLF10(+)),0.21158085622515027
2731,Treg_FOXP3,Regulon(ATF4(+)),0.21151487880293998
4169,Trm-Exh3_CCL4,Regulon(SP4(+)),0.2113158045687074
2200,Tcm2_IL7R,Regulon(RUNX1(+)),0.21129476815644316
5647,Trm1_GZMH,Regulon(NFYB(+)),0.2104429404888583
1930,Tcm1_ANXA1,Regulon(ZNF658(+)),0.21024325756907147
3298,Trm-Exh1_VCAM1,Regulon(MYB(+)),0.20981248311440556
4212,Trm-Exh3_CCL4,Regulon(YY1(+)),0.20976004618682967
1541,Tc17_CEBPD,Regulon(ZNF658(+)),0.20974378177689204
5236,Trm-Prog2_XCL1,Regulon(MLX(+)),0.20873917441454043
2285,Tcm2_IL7R,Regulon(ZNF205(+)),0.20860979411435743
5667,Trm1_GZMH,Regulon(PITX1(+)),0.208582581848559
2246,Tcm2_IL7R,Regulon(TFAP2A(+)),0.20857156642541655
4200,Trm-Exh3_CCL4,Regulon(TGIF2(+)),0.20751401555724325
183,Cycling-G2/M_TOP2A,Regulon(MSX2(+)),0.20706628073785804
1032,IRG_ISG15,Regulon(RREB1(+)),0.20676513319416032
5730,Trm1_GZMH,Regulon(SRF(+)),0.2065557139178879
6492,Trm3_TGFBR2,Regulon(SMAD5(+)),0.20617885373958814
1395,Tc17_CEBPD,Regulon(POU2F2(+)),0.20561417057949652
2007,Tcm2_IL7R,Regulon(ELK1(+)),0.205458338048938
4535,Trm-Exh4_TOX2,Regulon(RUNX2(+)),0.20524156173750613
2202,Tcm2_IL7R,Regulon(RUNX3(+)),0.20481393256804045
6334,Trm3_TGFBR2,Regulon(HES2(+)),0.20475829520510452
1288,Tc17_CEBPD,Regulon(HMX3(+)),0.20425975607898733
6031,Trm2_TNFSF9,Regulon(NFIB(+)),0.20408822210701405
636,Cycling-S_MCM7,Regulon(RFX5(+)),0.2037333834042336
3692,Trm-Exh2_CXCL13,Regulon(NFATC1(+)),0.2035297831227616
6350,Trm3_TGFBR2,Regulon(HOXB4(+)),0.2031645397380678
1333,Tc17_CEBPD,Regulon(MAF(+)),0.20270866009587468
6226,Trm3_TGFBR2,Regulon(ARID3A(+)),0.2025584183052438
5326,Trm-Prog2_XCL1,Regulon(SMARCA5(+)),0.20242930176495721
5275,Trm-Prog2_XCL1,Regulon(PBX1(+)),0.2023212151484352
1977,Tcm2_IL7R,Regulon(CLOCK(+)),0.20220623019442702
3299,Trm-Exh1_VCAM1,Regulon(MYC(+)),0.202055366229997
1325,Tc17_CEBPD,Regulon(KLF5(+)),0.20151630814736157
6340,Trm3_TGFBR2,Regulon(HIST2H2BE(+)),0.20137031331340782
2458,Tem_GNLY,Regulon(HOXA4(+)),0.2013475824426252
4561,Trm-Exh4_TOX2,Regulon(SREBF1(+)),0.20131606131666
2752,Treg_FOXP3,Regulon(CEBPG(+)),0.2011083321060348
218,Cycling-G2/M_TOP2A,Regulon(PBX1(+)),0.2007483937626373
4030,Trm-Exh3_CCL4,Regulon(IRF5(+)),0.20052362055727016
6088,Trm2_TNFSF9,Regulon(RPP25(+)),0.20022933825591674
5960,Trm2_TNFSF9,Regulon(HOXB13(+)),0.20017969573464084
2528,Tem_GNLY,Regulon(NFE2L3(+)),0.20016842878887747
141,Cycling-G2/M_TOP2A,Regulon(IRF7(+)),0.20013465772852793
1203,Tc17_CEBPD,Regulon(CREB3(+)),0.199701405701166
6030,Trm2_TNFSF9,Regulon(NFIA(+)),0.19964816504129362
752,Cycling-S_MCM7,Regulon(ZNF490(+)),0.1993960568755344
4504,Trm-Exh4_TOX2,Regulon(POLR3A(+)),0.1991652507882824
5652,Trm1_GZMH,Regulon(NR1D1(+)),0.1989989064493928
1700,Tcm1_ANXA1,Regulon(JAZF1(+)),0.19898739515915537
2994,Treg_FOXP3,Regulon(SNAI1(+)),0.19890006495871101
179,Cycling-G2/M_TOP2A,Regulon(MLX(+)),0.19856375794847242
2822,Treg_FOXP3,Regulon(GABPA(+)),0.19836305447893107
2933,Treg_FOXP3,Regulon(NR2F6(+)),0.19810979807170825
3277,Trm-Exh1_VCAM1,Regulon(LHX4(+)),0.19807677792079822
5754,Trm1_GZMH,Regulon(TFE3(+)),0.19803143660754308
1874,Tcm1_ANXA1,Regulon(VEZF1(+)),0.19801848079829654
1378,Tc17_CEBPD,Regulon(NR3C1(+)),0.1975133112331697
2223,Tcm2_IL7R,Regulon(SP3(+)),0.19696641136953327
6586,Trm3_TGFBR2,Regulon(ZNF480(+)),0.19669787945520759
6179,Trm2_TNFSF9,Regulon(ZNF235(+)),0.19656445621868232
2896,Treg_FOXP3,Regulon(MEF2B(+)),0.19651136544049125
2315,Tcm2_IL7R,Regulon(ZNF592(+)),0.19594305886621866
4571,Trm-Exh4_TOX2,Regulon(TBP(+)),0.1957647978189682
963,IRG_ISG15,Regulon(MXI1(+)),0.19551106238193675
6063,Trm2_TNFSF9,Regulon(POU2F2(+)),0.1953739856471411
6588,Trm3_TGFBR2,Regulon(ZNF502(+)),0.19490873726360658
4680,Trm-Prog1_ZNF683,Regulon(BACH2(+)),0.1948884770995312
2240,Tcm2_IL7R,Regulon(TCF12(+)),0.19486114150401876
5319,Trm-Prog2_XCL1,Regulon(SIN3A(+)),0.19467405202375418
5004,Trm-Prog1_ZNF683,Regulon(ZNF143(+)),0.19414228533327485
4658,Trm-Exh4_TOX2,Regulon(ZNF766(+)),0.19398655268145454
311,Cycling-G2/M_TOP2A,Regulon(THAP1(+)),0.19391315608249865
5814,Trm1_GZMH,Regulon(ZNF583(+)),0.19350228509285972
5124,Trm-Prog2_XCL1,Regulon(EP300(+)),0.19345722435455864
4164,Trm-Exh3_CCL4,Regulon(SOX5(+)),0.1930184678334064
2411,Tem_GNLY,Regulon(ETV6(+)),0.19291681053836054
588,Cycling-S_MCM7,Regulon(NFKB2(+)),0.19260673555261357
1835,Tcm1_ANXA1,Regulon(SP4(+)),0.1923752224520159
4277,Trm-Exh3_CCL4,Regulon(ZNF91(+)),0.19210396674908234
4703,Trm-Prog1_ZNF683,Regulon(CREB1(+)),0.19192348194308292
4633,Trm-Exh4_TOX2,Regulon(ZNF415(+)),0.1918571657151786
6143,Trm2_TNFSF9,Regulon(TFE3(+)),0.1918555610095059
1586,Tcm1_ANXA1,Regulon(CERS2(+)),0.19179820558776248
4107,Trm-Exh3_CCL4,Regulon(PAX8(+)),0.19120152930343243
1105,IRG_ISG15,Regulon(ZBTB7B(+)),0.19102764146275097
3519,Trm-Exh2_CXCL13,Regulon(BDP1(+)),0.190875823392097
5709,Trm1_GZMH,Regulon(SIX3(+)),0.19070944236791032
5076,Trm-Prog2_XCL1,Regulon(BHLHE40(+)),0.1904224050492875
2013,Tcm2_IL7R,Regulon(ERF(+)),0.1900846482705105
300,Cycling-G2/M_TOP2A,Regulon(TEF(+)),0.18945754264624945
3034,Treg_FOXP3,Regulon(THAP1(+)),0.1889352291176833
6,Cycling-G2/M_TOP2A,Regulon(ATF1(+)),0.18892763647440708
5207,Trm-Prog2_XCL1,Regulon(KDM5A(+)),0.18888099979535974
2281,Tcm2_IL7R,Regulon(ZNF143(+)),0.18866768643775841
4101,Trm-Exh3_CCL4,Regulon(NR3C1(+)),0.18802864061021923
2334,Tem_GNLY,Regulon(AHCTF1(+)),0.18801821703098529
1460,Tc17_CEBPD,Regulon(TBX21(+)),0.1877412297477167
4275,Trm-Exh3_CCL4,Regulon(ZNF84(+)),0.18695734287178067
2785,Treg_FOXP3,Regulon(ELK1(+)),0.18673532887795385
2235,Tcm2_IL7R,Regulon(TAF1(+)),0.1860402713127019
3360,Trm-Exh1_VCAM1,Regulon(RFX8(+)),0.1858181060821099
4023,Trm-Exh3_CCL4,Regulon(HSF1(+)),0.1850646597588085
5836,Trm2_TNFSF9,Regulon(AR(+)),0.18491781367122084
5742,Trm1_GZMH,Regulon(TCF3(+)),0.18486436805460257
14,Cycling-G2/M_TOP2A,Regulon(BATF(+)),0.1846027574520211
403,Cycling-S_MCM7,Regulon(BATF(+)),0.1844823313000794
5934,Trm2_TNFSF9,Regulon(GABPA(+)),0.1843409639402997
5087,Trm-Prog2_XCL1,Regulon(CERS2(+)),0.18428492901652654
5455,Trm1_GZMH,Regulon(ATF5(+)),0.18398802949238013
5436,Trm-Prog2_XCL1,Regulon(ZNF766(+)),0.1837367218572831
927,IRG_ISG15,Regulon(KDM4B(+)),0.1836058377724926
154,Cycling-G2/M_TOP2A,Regulon(KLF16(+)),0.18334652182193673
6162,Trm2_TNFSF9,Regulon(ZBTB7B(+)),0.18299219153906035
2234,Tcm2_IL7R,Regulon(STAT5B(+)),0.1828249345382709
5996,Trm2_TNFSF9,Regulon(KLF8(+)),0.1828232413564634
5555,Trm1_GZMH,Regulon(HES1(+)),0.18271660888967603
418,Cycling-S_MCM7,Regulon(CEBPG(+)),0.18263967894770394
5081,Trm-Prog2_XCL1,Regulon(BRF2(+)),0.18171376316009125
2590,Tem_GNLY,Regulon(RUNX2(+)),0.1814724353578938
5803,Trm1_GZMH,Regulon(ZNF426(+)),0.18099450019886415
5139,Trm-Prog2_XCL1,Regulon(FOSL1(+)),0.1809533063989542
4362,Trm-Exh4_TOX2,Regulon(FOSL2(+)),0.18088453527161072
6276,Trm3_TGFBR2,Regulon(E2F6(+)),0.1803292058073928
2987,Treg_FOXP3,Regulon(SIX5(+)),0.1801908755522863
2282,Tcm2_IL7R,Regulon(ZNF181(+)),0.1801146551452492
244,Cycling-G2/M_TOP2A,Regulon(REST(+)),0.1800857586781266
4904,Trm-Prog1_ZNF683,Regulon(RAD21(+)),0.180022254991278
2406,Tem_GNLY,Regulon(ETS2(+)),0.17961001312885674
4441,Trm-Exh4_TOX2,Regulon(KLF9(+)),0.1795792446485729
3292,Trm-Exh1_VCAM1,Regulon(MLXIP(+)),0.17946372443490263
5061,Trm-Prog2_XCL1,Regulon(ASCL1(+)),0.17903121230238764
1781,Tcm1_ANXA1,Regulon(POLR3A(+)),0.1781064749932915
3916,Trm-Exh3_CCL4,Regulon(CD59(+)),0.17804738051193258
568,Cycling-S_MCM7,Regulon(MLX(+)),0.17763711640064966
4683,Trm-Prog1_ZNF683,Regulon(BCL11B(+)),0.17758053183599043
4930,Trm-Prog1_ZNF683,Regulon(SIN3A(+)),0.177402562448428
2292,Tcm2_IL7R,Regulon(ZNF274(+)),0.17679446943931384
3635,Trm-Exh2_CXCL13,Regulon(IKZF1(+)),0.17678635520415362
2982,Treg_FOXP3,Regulon(SALL2(+)),0.1764051292314049
3383,Trm-Exh1_VCAM1,Regulon(SNAI1(+)),0.17591836409417597
4840,Trm-Prog1_ZNF683,Regulon(MAZ(+)),0.17587659356353835
1500,Tc17_CEBPD,Regulon(ZHX3(+)),0.17577066600373217
2615,Tem_GNLY,Regulon(SPI1(+)),0.17551105952469775
3681,Trm-Exh2_CXCL13,Regulon(MLXIP(+)),0.17539271133221115
1234,Tc17_CEBPD,Regulon(EP300(+)),0.17539089613775363
4083,Trm-Exh3_CCL4,Regulon(NFE2L2(+)),0.17534352485172894
6545,Trm3_TGFBR2,Regulon(YEATS4(+)),0.17534087860496153
6528,Trm3_TGFBR2,Regulon(TFCP2(+)),0.17463125938967664
2213,Tcm2_IL7R,Regulon(SMAD5(+)),0.1745356084226218
2279,Tcm2_IL7R,Regulon(ZKSCAN8(+)),0.17432668274621738
6590,Trm3_TGFBR2,Regulon(ZNF528(+)),0.17428388882905857
455,Cycling-S_MCM7,Regulon(EOMES(+)),0.17422009494472707
1844,Tcm1_ANXA1,Regulon(STAT5A(+)),0.17411465255387207
525,Cycling-S_MCM7,Regulon(IRF1(+)),0.17361974378965914
2944,Treg_FOXP3,Regulon(PITX1(+)),0.1733772395375063
4843,Trm-Prog1_ZNF683,Regulon(MEF2D(+)),0.17324581005590034
1198,Tc17_CEBPD,Regulon(CHD2(+)),0.17320218468888265
6452,Trm3_TGFBR2,Regulon(POU2F2(+)),0.17176446237665288
2525,Tem_GNLY,Regulon(NFATC1(+)),0.17131985635468275
1566,Tcm1_ANXA1,Regulon(ATF6B(+)),0.17012092868460726
4714,Trm-Prog1_ZNF683,Regulon(DDIT3(+)),0.16988963113387265
6068,Trm2_TNFSF9,Regulon(PPARA(+)),0.1697369830753361
1620,Tcm1_ANXA1,Regulon(ELK4(+)),0.1694670839539685
1184,Tc17_CEBPD,Regulon(BCLAF1(+)),0.16890279252926077
1489,Tc17_CEBPD,Regulon(YY1(+)),0.1688166365203834
419,Cycling-S_MCM7,Regulon(CERS2(+)),0.1687473984969104
4459,Trm-Exh4_TOX2,Regulon(MLXIP(+)),0.1685991021449775
2475,Tem_GNLY,Regulon(IRF7(+)),0.16838135152307493
5247,Trm-Prog2_XCL1,Regulon(NF1(+)),0.16831085870545498
5431,Trm-Prog2_XCL1,Regulon(ZNF658(+)),0.1683071188727453
5495,Trm1_GZMH,Regulon(E2F2(+)),0.1682081965233487
5892,Trm2_TNFSF9,Regulon(EGR3(+)),0.16803599282647355
6439,Trm3_TGFBR2,Regulon(OSR2(+)),0.1680091568528617
2947,Treg_FOXP3,Regulon(POLR2A(+)),0.16788723640628297
1339,Tc17_CEBPD,Regulon(MAZ(+)),0.16783138946223397
137,Cycling-G2/M_TOP2A,Regulon(IRF2(+)),0.16684652387098386
5419,Trm-Prog2_XCL1,Regulon(ZNF480(+)),0.16652789599555795
4038,Trm-Exh3_CCL4,Regulon(JUND(+)),0.1662972622298447
735,Cycling-S_MCM7,Regulon(ZNF263(+)),0.16572593841660188
2946,Treg_FOXP3,Regulon(POLE4(+)),0.1645930580750546
2641,Tem_GNLY,Regulon(TFDP2(+)),0.16430643464968492
1187,Tc17_CEBPD,Regulon(BHLHE41(+)),0.16416148840365025
4730,Trm-Prog1_ZNF683,Regulon(ELK1(+)),0.16414681884267257
2301,Tcm2_IL7R,Regulon(ZNF425(+)),0.1639781613709369
2512,Tem_GNLY,Regulon(MIOS(+)),0.16360887521946454
3967,Trm-Exh3_CCL4,Regulon(ETV6(+)),0.1635067581724567
4024,Trm-Exh3_CCL4,Regulon(IKZF1(+)),0.1633984016225031
2843,Treg_FOXP3,Regulon(HMX2(+)),0.1631773899016313
2864,Treg_FOXP3,Regulon(IRF7(+)),0.16300110877463428
5364,Trm-Prog2_XCL1,Regulon(TFDP2(+)),0.16236160525344417
2850,Treg_FOXP3,Regulon(HOXB7(+)),0.16234325523021936
2260,Tcm2_IL7R,Regulon(UBTF(+)),0.16224029569968268
3088,Treg_FOXP3,Regulon(ZNF513(+)),0.1621529103446707
4214,Trm-Exh3_CCL4,Regulon(ZBTB14(+)),0.16198472505591477
3131,Trm-Exh1_VCAM1,Regulon(BHLHE40(+)),0.16196353829691987
4196,Trm-Exh3_CCL4,Regulon(TFDP1(+)),0.1618184441745025
1390,Tc17_CEBPD,Regulon(POLE4(+)),0.16134026818706057
2446,Tem_GNLY,Regulon(HEY1(+)),0.1612070970519467
2814,Treg_FOXP3,Regulon(FOXN2(+)),0.16106605921232856
565,Cycling-S_MCM7,Regulon(MEIS1(+)),0.16091927700891548
4548,Trm-Exh4_TOX2,Regulon(SMARCA5(+)),0.16085615701271017
1201,Tc17_CEBPD,Regulon(CPEB1(+)),0.16046035149649496
5245,Trm-Prog2_XCL1,Regulon(MYOD1(+)),0.15951389999550938
1571,Tcm1_ANXA1,Regulon(BCL11B(+)),0.1593288092762322
5514,Trm1_GZMH,Regulon(ERF(+)),0.1589940367517029
1701,Tcm1_ANXA1,Regulon(JDP2(+)),0.15887516051929626
1779,Tcm1_ANXA1,Regulon(POLE4(+)),0.1586996650770798
1235,Tc17_CEBPD,Regulon(ERF(+)),0.15837917893912457
1342,Tc17_CEBPD,Regulon(MEF2D(+)),0.1582417288294346
2805,Treg_FOXP3,Regulon(FOSL1(+)),0.15821931339283912
3817,Trm-Exh2_CXCL13,Regulon(USF1(+)),0.15804117399783701
1238,Tc17_CEBPD,Regulon(ETS1(+)),0.1579868620772588
1747,Tcm1_ANXA1,Regulon(NFATC1(+)),0.15776929720275296
2300,Tcm2_IL7R,Regulon(ZNF420(+)),0.15739317699843874
5159,Trm-Prog2_XCL1,Regulon(GATA6(+)),0.15730849184016465
5369,Trm-Prog2_XCL1,Regulon(TP53(+)),0.15713408330624642
6345,Trm3_TGFBR2,Regulon(HMX3(+)),0.15710679925974033
408,Cycling-S_MCM7,Regulon(BHLHE40(+)),0.15700301505850497
6089,Trm2_TNFSF9,Regulon(RREB1(+)),0.15679981242071037
2515,Tem_GNLY,Regulon(MSC(+)),0.1565423597031414
4553,Trm-Exh4_TOX2,Regulon(SOX5(+)),0.1561703543011243
3925,Trm-Exh3_CCL4,Regulon(CREB1(+)),0.15612242806575077
5409,Trm-Prog2_XCL1,Regulon(ZNF362(+)),0.15606231589300898
1857,Tcm1_ANXA1,Regulon(TFAP2A(+)),0.15586433053772286
5112,Trm-Prog2_XCL1,Regulon(EGR1(+)),0.15580225462407846
5238,Trm-Prog2_XCL1,Regulon(MSC(+)),0.15566216819742107
3808,Trm-Exh2_CXCL13,Regulon(TFDP2(+)),0.15535717962524137
3847,Trm-Exh2_CXCL13,Regulon(ZNF263(+)),0.15504805819239592
2986,Treg_FOXP3,Regulon(SIX3(+)),0.15501740349289572
2214,Tcm2_IL7R,Regulon(SMARCA5(+)),0.1549267526964286
2961,Treg_FOXP3,Regulon(RARG(+)),0.15436069270365166
5720,Trm1_GZMH,Regulon(SOX5(+)),0.15432208333406153
2747,Treg_FOXP3,Regulon(BRF2(+)),0.15427845579763383
4646,Trm-Exh4_TOX2,Regulon(ZNF568(+)),0.1539099663138594
3667,Trm-Exh2_CXCL13,Regulon(MAF(+)),0.1536906842098883
2890,Treg_FOXP3,Regulon(MAFB(+)),0.15348660235276806
769,Cycling-S_MCM7,Regulon(ZNF771(+)),0.15297266957483624
5210,Trm-Prog2_XCL1,Regulon(KLF13(+)),0.15276543075438156
2416,Tem_GNLY,Regulon(FOSL1(+)),0.15275457023963862
5108,Trm-Prog2_XCL1,Regulon(E2F4(+)),0.15272764150464935
2201,Tcm2_IL7R,Regulon(RUNX2(+)),0.1525338282306989
5389,Trm-Prog2_XCL1,Regulon(ZFY(+)),0.15182084750645905
465,Cycling-S_MCM7,Regulon(ETV5(+)),0.15171243200971105
1144,IRG_ISG15,Regulon(ZNF528(+)),0.15150015128781072
3048,Treg_FOXP3,Regulon(ZBTB2(+)),0.15128281795464865
5394,Trm-Prog2_XCL1,Regulon(ZNF181(+)),0.15128133642075622
3908,Trm-Exh3_CCL4,Regulon(BDP1(+)),0.1505435301828463
2923,Treg_FOXP3,Regulon(NFYA(+)),0.1504093170515196
2078,Tcm2_IL7R,Regulon(HSF1(+)),0.15034437710609147
5093,Trm-Prog2_XCL1,Regulon(CREB3(+)),0.15020262259177272
2972,Treg_FOXP3,Regulon(RFXANK(+)),0.14996955665852502
338,Cycling-G2/M_TOP2A,Regulon(ZNF189(+)),0.1499404755445852
3639,Trm-Exh2_CXCL13,Regulon(IRF3(+)),0.1497256824382767
3604,Trm-Exh2_CXCL13,Regulon(GLIS3(+)),0.14968233203971817
1409,Tc17_CEBPD,Regulon(RELA(+)),0.1494541614572736
1575,Tcm1_ANXA1,Regulon(BHLHE40(+)),0.1493936366396074
4126,Trm-Exh3_CCL4,Regulon(RAD21(+)),0.1492574254955714
3536,Trm-Exh2_CXCL13,Regulon(CREB1(+)),0.14916481323342878
2253,Tcm2_IL7R,Regulon(TFE3(+)),0.14913784721956003
620,Cycling-S_MCM7,Regulon(POU5F1B(+)),0.1491060236099902
2798,Treg_FOXP3,Regulon(ETV3(+)),0.14885111650504415
3039,Treg_FOXP3,Regulon(USF1(+)),0.14868953504541713
6070,Trm2_TNFSF9,Regulon(PSMD12(+)),0.14867260891656262
2754,Treg_FOXP3,Regulon(CHD2(+)),0.14866833450491077
1182,Tc17_CEBPD,Regulon(BCL11B(+)),0.1484815832340492
301,Cycling-G2/M_TOP2A,Regulon(TFAP2A(+)),0.1484720306487034
2775,Treg_FOXP3,Regulon(E2F6(+)),0.14836835310156765
3864,Trm-Exh2_CXCL13,Regulon(ZNF490(+)),0.14817977940963073
4146,Trm-Exh3_CCL4,Regulon(RUNX2(+)),0.14744965260451334
3385,Trm-Exh1_VCAM1,Regulon(SOX4(+)),0.14730685392282833
2154,Tcm2_IL7R,Regulon(NR2C2(+)),0.14695357779250262
3037,Treg_FOXP3,Regulon(TRIM28(+)),0.1468360985900634
5979,Trm2_TNFSF9,Regulon(JAZF1(+)),0.14670225432505013
2746,Treg_FOXP3,Regulon(BRF1(+)),0.14622148999385698
2837,Treg_FOXP3,Regulon(HIC1(+)),0.1457387377305104
5910,Trm2_TNFSF9,Regulon(ETV3(+)),0.14570574320301186
5759,Trm1_GZMH,Regulon(TP73(+)),0.14545581204586652
3212,Trm-Exh1_VCAM1,Regulon(GABPB1(+)),0.1453505790126328
5181,Trm-Prog2_XCL1,Regulon(HOXA4(+)),0.14533852233963443
66,Cycling-G2/M_TOP2A,Regulon(EOMES(+)),0.14521426852443292
1965,Tcm2_IL7R,Regulon(BHLHE41(+)),0.14490279411452037
1503,Tc17_CEBPD,Regulon(ZNF143(+)),0.14484204625724373
1918,Tcm1_ANXA1,Regulon(ZNF480(+)),0.14470060146512867
2732,Treg_FOXP3,Regulon(ATF5(+)),0.1444977539656527
5695,Trm1_GZMH,Regulon(RFXANK(+)),0.14424766513987677
6298,Trm3_TGFBR2,Regulon(ETV2(+)),0.1440337776416389
6036,Trm2_TNFSF9,Regulon(NFYB(+)),0.14403325230407946
3651,Trm-Exh2_CXCL13,Regulon(KDM5A(+)),0.1440042508579439
2861,Treg_FOXP3,Regulon(IRF3(+)),0.14399851951342163
6484,Trm3_TGFBR2,Regulon(SALL4(+)),0.14392444069504268
2454,Tem_GNLY,Regulon(HMX2(+)),0.1438964201101714
3061,Treg_FOXP3,Regulon(ZNF189(+)),0.1438024094470271
2782,Treg_FOXP3,Regulon(ELF2(+)),0.14372178895304885
4171,Trm-Exh3_CCL4,Regulon(SPI1(+)),0.1434097866080516
467,Cycling-S_MCM7,Regulon(ETV7(+)),0.1430962761467045
3114,Trm-Exh1_VCAM1,Regulon(ARID3A(+)),0.14283911222711154
2268,Tcm2_IL7R,Regulon(ZBED1(+)),0.1427294206411698
1272,Tc17_CEBPD,Regulon(GSC(+)),0.1419695876868799
4160,Trm-Exh3_CCL4,Regulon(SMARCC2(+)),0.1415980515473358
3209,Trm-Exh1_VCAM1,Regulon(FOXP3(+)),0.14156811600966293
5662,Trm1_GZMH,Regulon(PATZ1(+)),0.14148308332649065
379,Cycling-G2/M_TOP2A,Regulon(ZNF766(+)),0.14133878157316973
6148,Trm2_TNFSF9,Regulon(TP73(+)),0.14132268348398505
5650,Trm1_GZMH,Regulon(NKX3-1(+)),0.1413012215114687
2120,Tcm2_IL7R,Regulon(MEF2D(+)),0.14118025357009462
3746,Trm-Exh2_CXCL13,Regulon(RFX2(+)),0.14107655774223282
3954,Trm-Exh3_CCL4,Regulon(ELK4(+)),0.14103158202208757
1258,Tc17_CEBPD,Regulon(FOXN2(+)),0.1403996701203633
4412,Trm-Exh4_TOX2,Regulon(HSF1(+)),0.14015770268067626
570,Cycling-S_MCM7,Regulon(MSC(+)),0.13995528865929147
3115,Trm-Exh1_VCAM1,Regulon(ARNT2(+)),0.13968047973629344
1707,Tcm1_ANXA1,Regulon(KLF10(+)),0.13948173257021113
1818,Tcm1_ANXA1,Regulon(SIN3A(+)),0.13947068300276474
4173,Trm-Exh3_CCL4,Regulon(SREBF2(+)),0.13937417508637373
992,IRG_ISG15,Regulon(NRF1(+)),0.13934928014926554
3596,Trm-Exh2_CXCL13,Regulon(FOXP1(+)),0.13934481290702222
1401,Tc17_CEBPD,Regulon(PPARG(+)),0.1393066922282234
1867,Tcm1_ANXA1,Regulon(THAP1(+)),0.13928367755055238
4929,Trm-Prog1_ZNF683,Regulon(SETDB1(+)),0.13927217885804344
2887,Treg_FOXP3,Regulon(LHX1(+)),0.1391549745874739
2909,Treg_FOXP3,Regulon(MYB(+)),0.13889514176213325
4145,Trm-Exh3_CCL4,Regulon(RUNX1(+)),0.1386343759301742
2819,Treg_FOXP3,Regulon(FOXP2(+)),0.13854842546442625
2549,Tem_GNLY,Regulon(OSR2(+)),0.1383393392469775
2853,Treg_FOXP3,Regulon(HOXC5(+)),0.13819407256221972
1316,Tc17_CEBPD,Regulon(KDM4B(+)),0.13816221018912037
1199,Tc17_CEBPD,Regulon(CLOCK(+)),0.13800555629464506
1338,Tc17_CEBPD,Regulon(MAX(+)),0.13785064566436128
2951,Treg_FOXP3,Regulon(POU2F2(+)),0.13776207738897572
690,Cycling-S_MCM7,Regulon(TFAP2A(+)),0.137422993261527
1122,IRG_ISG15,Regulon(ZNF235(+)),0.13712741085990696
1467,Tc17_CEBPD,Regulon(TEF(+)),0.1371241413517206
1303,Tc17_CEBPD,Regulon(IRF1(+)),0.13690417658338247
5905,Trm2_TNFSF9,Regulon(ESRRA(+)),0.13651176960973313
4808,Trm-Prog1_ZNF683,Regulon(IRF5(+)),0.13642748804886304
3890,Trm-Exh3_CCL4,Regulon(AHCTF1(+)),0.13621138382748024
3949,Trm-Exh3_CCL4,Regulon(ELF2(+)),0.13608572477444575
1758,Tcm1_ANXA1,Regulon(NFYC(+)),0.135743197525813
3637,Trm-Exh2_CXCL13,Regulon(IRF1(+)),0.13566381650946369
4624,Trm-Exh4_TOX2,Regulon(ZNF239(+)),0.13565375821127565
5781,Trm1_GZMH,Regulon(ZNF121(+)),0.13532994862148665
3601,Trm-Exh2_CXCL13,Regulon(GABPB1(+)),0.1351220509065514
4584,Trm-Exh4_TOX2,Regulon(TFCP2L1(+)),0.13482067236689663
1073,IRG_ISG15,Regulon(TCF12(+)),0.1346525429600925
6431,Trm3_TGFBR2,Regulon(NR1H3(+)),0.13442173674494592
3615,Trm-Exh2_CXCL13,Regulon(HIC1(+)),0.13420652554014167
630,Cycling-S_MCM7,Regulon(REL(+)),0.13399398052992081
5287,Trm-Prog2_XCL1,Regulon(POU5F1(+)),0.13396044128977372
768,Cycling-S_MCM7,Regulon(ZNF766(+)),0.13391399153067815
1734,Tcm1_ANXA1,Regulon(MIOS(+)),0.13380785280857804
3033,Treg_FOXP3,Regulon(TGIF2(+)),0.13367758216100165
3911,Trm-Exh3_CCL4,Regulon(BPTF(+)),0.13349841453761482
1256,Tc17_CEBPD,Regulon(FOXK1(+)),0.1332871241316674
402,Cycling-S_MCM7,Regulon(BARX2(+)),0.13316588603855875
507,Cycling-S_MCM7,Regulon(HLF(+)),0.13295383040634326
3723,Trm-Exh2_CXCL13,Regulon(PLAG1(+)),0.13287109740268108
113,Cycling-G2/M_TOP2A,Regulon(HEY2(+)),0.13274508157912732
2362,Tem_GNLY,Regulon(CEBPD(+)),0.13250656731558993
3200,Trm-Exh1_VCAM1,Regulon(FOXJ2(+)),0.13250537312660415
3281,Trm-Exh1_VCAM1,Regulon(MAFG(+)),0.1320288553460938
3237,Trm-Exh1_VCAM1,Regulon(HOXB13(+)),0.13178519742012768
5944,Trm2_TNFSF9,Regulon(HES1(+)),0.1317640144936715
667,Cycling-S_MCM7,Regulon(SP3(+)),0.1315615459793502
1115,IRG_ISG15,Regulon(ZNF181(+)),0.13155956778785408
2679,Tem_GNLY,Regulon(ZNF239(+)),0.13143498220201116
4436,Trm-Exh4_TOX2,Regulon(KLF4(+)),0.13133536440196653
5810,Trm1_GZMH,Regulon(ZNF502(+)),0.13128090847766508
6441,Trm3_TGFBR2,Regulon(PAX8(+)),0.13123147354382575
548,Cycling-S_MCM7,Regulon(KLF6(+)),0.1307728933873587
3741,Trm-Exh2_CXCL13,Regulon(RBBP5(+)),0.1307383404257611
1191,Tc17_CEBPD,Regulon(BRF2(+)),0.13049167659279493
3776,Trm-Exh2_CXCL13,Regulon(SOX9(+)),0.13043658860075832
4237,Trm-Exh3_CCL4,Regulon(ZNF274(+)),0.13040046105762396
119,Cycling-G2/M_TOP2A,Regulon(HMGA1(+)),0.13013656249783812
6564,Trm3_TGFBR2,Regulon(ZNF205(+)),0.12982663378582696
59,Cycling-G2/M_TOP2A,Regulon(ELF2(+)),0.12979697592003075
2170,Tcm2_IL7R,Regulon(POLR3A(+)),0.12973689425494547
2574,Tem_GNLY,Regulon(RBBP5(+)),0.12962396840591867
2783,Treg_FOXP3,Regulon(ELF3(+)),0.12953979788993336
1901,Tcm1_ANXA1,Regulon(ZNF239(+)),0.12939820596035445
3172,Trm-Exh1_VCAM1,Regulon(ELF3(+)),0.12932294459329652
2635,Tem_GNLY,Regulon(TFAP2A(+)),0.12923538441775753
3239,Trm-Exh1_VCAM1,Regulon(HOXB7(+)),0.12916822634806147
2198,Tcm2_IL7R,Regulon(RPP25(+)),0.12901976710497987
4255,Trm-Exh3_CCL4,Regulon(ZNF513(+)),0.1289033230562363
2652,Tem_GNLY,Regulon(VEZF1(+)),0.1289021662514977
3675,Trm-Exh2_CXCL13,Regulon(MEF2C(+)),0.12886018518443224
4519,Trm-Exh4_TOX2,Regulon(RBBP5(+)),0.12877264849903075
229,Cycling-G2/M_TOP2A,Regulon(POU3F1(+)),0.12841183551673815
3940,Trm-Exh3_CCL4,Regulon(E2F3(+)),0.1282046085908741
5338,Trm-Prog2_XCL1,Regulon(SPI1(+)),0.12818487692290448
3182,Trm-Exh1_VCAM1,Regulon(ESRRA(+)),0.12791426012081622
815,IRG_ISG15,Regulon(CREB3L2(+)),0.12784991537467832
6329,Trm3_TGFBR2,Regulon(GSC(+)),0.12768085633321022
3393,Trm-Exh1_VCAM1,Regulon(SPI1(+)),0.12763038240599187
3087,Treg_FOXP3,Regulon(ZNF502(+)),0.12754847905321978
6055,Trm2_TNFSF9,Regulon(PHF8(+)),0.1274523955516694
150,Cycling-G2/M_TOP2A,Regulon(KDM5A(+)),0.1272265434041589
4502,Trm-Exh4_TOX2,Regulon(POLE4(+)),0.1272181181098994
5206,Trm-Prog2_XCL1,Regulon(KDM4B(+)),0.12696504281620308
3742,Trm-Exh2_CXCL13,Regulon(REL(+)),0.1267783364553649
3531,Trm-Exh2_CXCL13,Regulon(CERS2(+)),0.1267376163392317
1113,IRG_ISG15,Regulon(ZNF121(+)),0.12672502653507073
5072,Trm-Prog2_XCL1,Regulon(BCL11B(+)),0.1264921634448624
94,Cycling-G2/M_TOP2A,Regulon(FOXO3(+)),0.12636193234147441
4718,Trm-Prog1_ZNF683,Regulon(E2F3(+)),0.1263496120576792
2320,Tcm2_IL7R,Regulon(ZNF66(+)),0.12631086213326753
1345,Tc17_CEBPD,Regulon(MIOS(+)),0.1255512370570861
6199,Trm2_TNFSF9,Regulon(ZNF502(+)),0.12555068787259357
2112,Tcm2_IL7R,Regulon(MAFB(+)),0.12541604101002474
5487,Trm1_GZMH,Regulon(CTBP1(+)),0.12520170936877256
4017,Trm-Exh3_CCL4,Regulon(HOXB7(+)),0.12512442273211338
1588,Tcm1_ANXA1,Regulon(CLOCK(+)),0.12506794449578823
1568,Tcm1_ANXA1,Regulon(BACH2(+)),0.12504579295187274
6109,Trm2_TNFSF9,Regulon(SOX5(+)),0.12484412934147479
2305,Tcm2_IL7R,Regulon(ZNF460(+)),0.12481434485639364
5903,Trm2_TNFSF9,Regulon(ERF(+)),0.12452721002145323
5021,Trm-Prog1_ZNF683,Regulon(ZNF37A(+)),0.12449126373404754
6041,Trm2_TNFSF9,Regulon(NR1D1(+)),0.12448156426447307
4580,Trm-Exh4_TOX2,Regulon(TFAP2A(+)),0.12442349374857967
5086,Trm-Prog2_XCL1,Regulon(CEBPG(+)),0.1243409614660115
1882,Tcm1_ANXA1,Regulon(ZBTB7A(+)),0.12426797528372888
2161,Tcm2_IL7R,Regulon(PATZ1(+)),0.12421774417454957
1916,Tcm1_ANXA1,Regulon(ZNF460(+)),0.12403486389297264
6469,Trm3_TGFBR2,Regulon(RFX2(+)),0.12345564483564066
482,Cycling-S_MCM7,Regulon(FOXO1(+)),0.12302087935214563
1039,IRG_ISG15,Regulon(SETDB1(+)),0.12277504940392804
5116,Trm-Prog2_XCL1,Regulon(ELF2(+)),0.12248871336681164
6043,Trm2_TNFSF9,Regulon(NR2C1(+)),0.1221737321582438
5655,Trm1_GZMH,Regulon(NR2C2(+)),0.12191218752439502
1475,Tc17_CEBPD,Regulon(TFE3(+)),0.12161776982141886
2927,Treg_FOXP3,Regulon(NKX3-1(+)),0.12119862830239718
2123,Tcm2_IL7R,Regulon(MIOS(+)),0.12105799131486805
440,Cycling-S_MCM7,Regulon(E2F4(+)),0.12080354683015695
4182,Trm-Exh3_CCL4,Regulon(TBP(+)),0.12050635110011672
3376,Trm-Exh1_VCAM1,Regulon(SIX5(+)),0.12047662443217647
2766,Treg_FOXP3,Regulon(CTNNB1(+)),0.12040790982297221
5516,Trm1_GZMH,Regulon(ESRRA(+)),0.12024762238443833
224,Cycling-G2/M_TOP2A,Regulon(POLR2A(+)),0.12007821818471671
756,Cycling-S_MCM7,Regulon(ZNF568(+)),0.11984132786195946
6084,Trm2_TNFSF9,Regulon(RFXANK(+)),0.11939279429066388
2803,Treg_FOXP3,Regulon(FOS(+)),0.1193710840009794
2167,Tcm2_IL7R,Regulon(PLAG1(+)),0.11932455319455884
6212,Trm2_TNFSF9,Regulon(ZNF69(+)),0.11924134697501608
3793,Trm-Exh2_CXCL13,Regulon(TBP(+)),0.11905476986818016
868,IRG_ISG15,Regulon(FOXK2(+)),0.11894987856663501
2949,Treg_FOXP3,Regulon(POLR3G(+)),0.11885912813590192
5942,Trm2_TNFSF9,Regulon(GTF3C2(+)),0.11827594280549632
4433,Trm-Exh4_TOX2,Regulon(KLF16(+)),0.11819393395225924
1772,Tcm1_ANXA1,Regulon(PATZ1(+)),0.11819100734244388
3072,Treg_FOXP3,Regulon(ZNF341(+)),0.11812476644332434
5235,Trm-Prog2_XCL1,Regulon(MIOS(+)),0.1179011951620623
3863,Trm-Exh2_CXCL13,Regulon(ZNF480(+)),0.11769367905921303
3479,Trm-Exh1_VCAM1,Regulon(ZNF568(+)),0.11768907109977124
4626,Trm-Exh4_TOX2,Regulon(ZNF274(+)),0.1175739739213215
4573,Trm-Exh4_TOX2,Regulon(TBX6(+)),0.1175023422443352
2908,Treg_FOXP3,Regulon(MXI1(+)),0.11747988025182211
1490,Tc17_CEBPD,Regulon(ZBED1(+)),0.11746025129963465
3456,Trm-Exh1_VCAM1,Regulon(ZNF235(+)),0.11734130679709008
2977,Treg_FOXP3,Regulon(RREB1(+)),0.11732977029395038
2263,Tcm2_IL7R,Regulon(VEZF1(+)),0.11720849427763597
6170,Trm2_TNFSF9,Regulon(ZNF121(+)),0.11719476300311135
4713,Trm-Prog1_ZNF683,Regulon(DBX1(+)),0.11719314081802498
439,Cycling-S_MCM7,Regulon(E2F3(+)),0.11700767684331247
6403,Trm3_TGFBR2,Regulon(MLX(+)),0.11680931594961635
3345,Trm-Exh1_VCAM1,Regulon(PPARA(+)),0.11669683051468016
3811,Trm-Exh2_CXCL13,Regulon(TGIF2(+)),0.11658872706190743
4937,Trm-Prog1_ZNF683,Regulon(SMARCA5(+)),0.11647700864041834
2993,Treg_FOXP3,Regulon(SMARCC2(+)),0.11644729676412775
4138,Trm-Exh3_CCL4,Regulon(RFX8(+)),0.11641204246358541
6138,Trm2_TNFSF9,Regulon(TFAP4(+)),0.11628736648821428
5297,Trm-Prog2_XCL1,Regulon(RBBP5(+)),0.11627435786498068
3699,Trm-Exh2_CXCL13,Regulon(NFKB1(+)),0.11585590855195807
1024,IRG_ISG15,Regulon(RFX3(+)),0.1154487679737675
5878,Trm2_TNFSF9,Regulon(CTNNB1(+)),0.11529289646049419
5896,Trm2_TNFSF9,Regulon(ELF4(+)),0.11511404866699519
5573,Trm1_GZMH,Regulon(HOXB7(+)),0.11511243979978238
5056,Trm-Prog1_ZNF683,Regulon(ZSCAN2(+)),0.11503129260108234
431,Cycling-S_MCM7,Regulon(CTCF(+)),0.11498144998245721
2698,Tem_GNLY,Regulon(ZNF502(+)),0.114961840519278
2425,Tem_GNLY,Regulon(FOXN2(+)),0.11495064339016325
2009,Tcm2_IL7R,Regulon(ELK4(+)),0.11454035339940627
1983,Tcm2_IL7R,Regulon(CREBL2(+)),0.1144177077248527
4079,Trm-Exh3_CCL4,Regulon(MZF1(+)),0.11425380793589497
3541,Trm-Exh2_CXCL13,Regulon(CRX(+)),0.11421857941120923
6176,Trm2_TNFSF9,Regulon(ZNF215(+)),0.11404932613269031
2169,Tcm2_IL7R,Regulon(POLR2A(+)),0.11401335365799645
1851,Tcm1_ANXA1,Regulon(TCF12(+)),0.11374845418973262
5246,Trm-Prog2_XCL1,Regulon(MZF1(+)),0.11366709852955754
5351,Trm-Prog2_XCL1,Regulon(TBX6(+)),0.11365617609562344
4899,Trm-Prog1_ZNF683,Regulon(POU5F1B(+)),0.11328944136767678
3454,Trm-Exh1_VCAM1,Regulon(ZNF23(+)),0.11298651062918794
3797,Trm-Exh2_CXCL13,Regulon(TCF3(+)),0.11293495260876338
3104,Treg_FOXP3,Regulon(ZNF772(+)),0.11288814535784443
4880,Trm-Prog1_ZNF683,Regulon(NR3C2(+)),0.112698874283028
2971,Treg_FOXP3,Regulon(RFX8(+)),0.11264056223720886
3823,Trm-Exh2_CXCL13,Regulon(YY1(+)),0.11218056581414235
1771,Tcm1_ANXA1,Regulon(OSR2(+)),0.11194402382119546
2546,Tem_GNLY,Regulon(NR3C2(+)),0.1117133661878446
3086,Treg_FOXP3,Regulon(ZNF490(+)),0.11144254397365995
2323,Tcm2_IL7R,Regulon(ZNF76(+)),0.11141741349698418
1527,Tc17_CEBPD,Regulon(ZNF460(+)),0.11132967666275728
318,Cycling-G2/M_TOP2A,Regulon(VEZF1(+)),0.1113269952134912
5711,Trm1_GZMH,Regulon(SMAD1(+)),0.11111893455104964
4642,Trm-Exh4_TOX2,Regulon(ZNF490(+)),0.1110284221159899
4105,Trm-Exh3_CCL4,Regulon(OSR2(+)),0.1102220234699698
1185,Tc17_CEBPD,Regulon(BDP1(+)),0.11010421407033558
4236,Trm-Exh3_CCL4,Regulon(ZNF263(+)),0.11009268995658836
4069,Trm-Exh3_CCL4,Regulon(MLX(+)),0.10971166592104553
5710,Trm1_GZMH,Regulon(SIX5(+)),0.10941615374657676
4460,Trm-Exh4_TOX2,Regulon(MSC(+)),0.10937814960345636
3429,Trm-Exh1_VCAM1,Regulon(VDR(+)),0.10925121105005559
5999,Trm2_TNFSF9,Regulon(LHX1(+)),0.1092430789475973
820,IRG_ISG15,Regulon(CTCF(+)),0.10923316250727558
5213,Trm-Prog2_XCL1,Regulon(KLF3(+)),0.10899858625582275
2645,Tem_GNLY,Regulon(THAP1(+)),0.10894756479995973
1212,Tc17_CEBPD,Regulon(DBX1(+)),0.10882184517058134
6017,Trm2_TNFSF9,Regulon(MSX1(+)),0.10868633709594584
2165,Tcm2_IL7R,Regulon(PHF8(+)),0.10867176799263933
5628,Trm1_GZMH,Regulon(MSX1(+)),0.10860469416881109
1027,IRG_ISG15,Regulon(RFXANK(+)),0.10823008044900878
5520,Trm1_GZMH,Regulon(ETV2(+)),0.10815896411473122
1385,Tc17_CEBPD,Regulon(PBX1(+)),0.1079875270214295
785,IRG_ISG15,Regulon(ATF3(+)),0.10767169715284046
1824,Tcm1_ANXA1,Regulon(SMAD5(+)),0.10759811495258571
3307,Trm-Exh1_VCAM1,Regulon(NFIA(+)),0.1075202393026303
26,Cycling-G2/M_TOP2A,Regulon(CD59(+)),0.10738584907188253
3466,Trm-Exh1_VCAM1,Regulon(ZNF415(+)),0.10732694577234969
294,Cycling-G2/M_TOP2A,Regulon(TBX6(+)),0.10732440910366522
6098,Trm2_TNFSF9,Regulon(SIX3(+)),0.10731860243754615
3575,Trm-Exh2_CXCL13,Regulon(ETV2(+)),0.10729768758990993
1224,Tc17_CEBPD,Regulon(EGR3(+)),0.1072714716199699
5553,Trm1_GZMH,Regulon(GTF3C2(+)),0.10717573634446154
4957,Trm-Prog1_ZNF683,Regulon(STAT5B(+)),0.10708733182888197
5729,Trm1_GZMH,Regulon(SREBF2(+)),0.1069908036465299
922,IRG_ISG15,Regulon(JAZF1(+)),0.10696783641485437
3355,Trm-Exh1_VCAM1,Regulon(RELB(+)),0.10690200831390793
1478,Tc17_CEBPD,Regulon(THAP1(+)),0.10662084900905264
4229,Trm-Exh3_CCL4,Regulon(ZNF200(+)),0.1063182627963419
1592,Tcm1_ANXA1,Regulon(CREB3(+)),0.10624645765668135
5610,Trm1_GZMH,Regulon(LHX1(+)),0.10616027206546808
3745,Trm-Exh2_CXCL13,Regulon(REST(+)),0.10613951442451204
5013,Trm-Prog1_ZNF683,Regulon(ZNF239(+)),0.10609802716359222
4834,Trm-Prog1_ZNF683,Regulon(MAF(+)),0.10601328864539362
4960,Trm-Prog1_ZNF683,Regulon(TBP(+)),0.10601127878097878
2438,Tem_GNLY,Regulon(GMEB2(+)),0.1056248577970074
4664,Trm-Exh4_TOX2,Regulon(ZNF84(+)),0.10533401561457115
4454,Trm-Exh4_TOX2,Regulon(MEF2D(+)),0.10529962016978883
6189,Trm2_TNFSF9,Regulon(ZNF415(+)),0.10525540455196071
2617,Tem_GNLY,Regulon(SREBF2(+)),0.10525311112502692
1552,Tc17_CEBPD,Regulon(ZNF84(+)),0.10502982390006692
1225,Tc17_CEBPD,Regulon(ELF1(+)),0.10478898111443485
2267,Tcm2_IL7R,Regulon(YY1(+)),0.10462930944923972
1926,Tcm1_ANXA1,Regulon(ZNF592(+)),0.10453375894108574
3394,Trm-Exh1_VCAM1,Regulon(SREBF1(+)),0.10449122347288713
688,Cycling-S_MCM7,Regulon(TEAD3(+)),0.10438228138693538
5692,Trm1_GZMH,Regulon(RFX3(+)),0.10431899077119813
6373,Trm3_TGFBR2,Regulon(KDM4B(+)),0.10429038632854622
2395,Tem_GNLY,Regulon(ELF4(+)),0.10421341952967719
5404,Trm-Prog2_XCL1,Regulon(ZNF274(+)),0.10419824287804502
3388,Trm-Exh1_VCAM1,Regulon(SP1(+)),0.10399524125373652
4131,Trm-Exh3_CCL4,Regulon(REL(+)),0.10389670924564251
4257,Trm-Exh3_CCL4,Regulon(ZNF568(+)),0.10377391439362833
915,IRG_ISG15,Regulon(IRF2(+)),0.10338189519121424
1200,Tc17_CEBPD,Regulon(CNOT3(+)),0.10335742488762699
1960,Tcm2_IL7R,Regulon(BCL11B(+)),0.10323078205486473
5780,Trm1_GZMH,Regulon(ZKSCAN8(+)),0.10313238948004706
3276,Trm-Exh1_VCAM1,Regulon(LHX1(+)),0.10291673626992906
4982,Trm-Prog1_ZNF683,Regulon(TRIM28(+)),0.10278884424390257
1428,Tc17_CEBPD,Regulon(SETDB1(+)),0.1026891332690597
1459,Tc17_CEBPD,Regulon(TBP(+)),0.10263969849159699
3756,Trm-Exh2_CXCL13,Regulon(RUNX1(+)),0.10262498271467546
93,Cycling-G2/M_TOP2A,Regulon(FOXO1(+)),0.10253407980481129
876,IRG_ISG15,Regulon(FOXP4(+)),0.10240422820068855
5607,Trm1_GZMH,Regulon(KLF8(+)),0.10236293708271182
781,IRG_ISG15,Regulon(ARNT2(+)),0.10226133597608968
4652,Trm-Exh4_TOX2,Regulon(ZNF611(+)),0.10224537184561294
1481,Tc17_CEBPD,Regulon(TRIM28(+)),0.10221304707978317
1379,Tc17_CEBPD,Regulon(NR3C2(+)),0.10216372218131634
5403,Trm-Prog2_XCL1,Regulon(ZNF263(+)),0.10194586788308473
2881,Treg_FOXP3,Regulon(KLF5(+)),0.10189964189536045
2090,Tcm2_IL7R,Regulon(JDP2(+)),0.10189450331113314
4674,Trm-Prog1_ZNF683,Regulon(ATF1(+)),0.10185406787336945
5343,Trm-Prog2_XCL1,Regulon(STAT2(+)),0.10165283637308906
843,IRG_ISG15,Regulon(EMX1(+)),0.10161806051492289
1952,Tcm2_IL7R,Regulon(ATF3(+)),0.10122938734296633
4066,Trm-Exh3_CCL4,Regulon(MEIS1(+)),0.1010080957366534
5493,Trm1_GZMH,Regulon(DEAF1(+)),0.10085504601235734
3477,Trm-Exh1_VCAM1,Regulon(ZNF513(+)),0.10077611794792785
4759,Trm-Prog1_ZNF683,Regulon(FOXN2(+)),0.1007381458349596
5676,Trm1_GZMH,Regulon(POU5F1(+)),0.10068373032164522
5613,Trm1_GZMH,Regulon(MAFB(+)),0.10067559793703601
2612,Tem_GNLY,Regulon(SP3(+)),0.1004867331240273
2838,Treg_FOXP3,Regulon(HINFP(+)),0.10036243098025643
3053,Treg_FOXP3,Regulon(ZFP3(+)),0.1003399531025716
1981,Tcm2_IL7R,Regulon(CREB3(+)),0.1002719519237583
1274,Tc17_CEBPD,Regulon(GTF3C2(+)),0.10019777697970592
4009,Trm-Exh3_CCL4,Regulon(HMGA1(+)),0.10013170071575286
2869,Treg_FOXP3,Regulon(JUN(+)),0.10011508309222959
4511,Trm-Exh4_TOX2,Regulon(POU6F1(+)),0.10007437236766983
2150,Tcm2_IL7R,Regulon(NPAS2(+)),0.10005079766545236
